Review,Product,Rating,Username,Date
sipp,Azarine Cicamide Barrier Sunscreen Moisturiser SPF35 PA+++ 40ml,bintang 5,V***i,2024-01-30
"proses orderan san pengirimannya sesuai estimasi, pengemasannya juga aman banget! karena kulitku lagi cukup sensitif dan cukup sering pakai makeup, jadi mau coba sunscreen spray ini yg cukup menarik karena ada cooling sensationnya hehe, semoga cocok, thank you azarine!",[Twin Pack] Azarine Ceraspray Sunscreen Spray SPF 50 PA+++ 50ml,bintang 5,Frisca,2024-01-30
"terima kasih
sudah diterima dengan baik",Azarine Retinol Smooth Glowing Serum 20ml,bintang 5,ridwan,2024-01-30
tipe kulitku kombinasi tipe kulitku normal tipe kulitku kering tipe kulitku berminyak masalah kulitku jerawat masalah kulitku pori besar,Azarine Acne Spot Serum 20ml,bintang 5,B***H,2024-01-30
Ini kurang oke menurut sy. Dipake ga bikin bibir lembab tp malah jd kering dan kasar. Belom lg warnanya merah bgt jd menor gt.,[Twin pack] Azarine Magic Colour Lip Serum 3.5ml [2x3.5ml] Lip Balm,bintang 4,Sabina,2024-01-30
tipe kulitku berminyak,Azarine Niacinamide 10%+Dipotassium Glycyrrhizate Glorious Serum 20ml,bintang 5,r***o,2024-01-30
tipe kulitku sensitif masalah kulitku jerawat,Azarine Hydramax-C Sunscreen Serum SPF 50 PA++++ 40 ml,bintang 5,A***u,2024-01-30
gak approved untuk sawo matang bibir hitam.. krn kliatan hitam bgt,[Azarine x Red Velvet] Tinted Lippie Cake Lip Tint 2.9ml,bintang 5,n***i,2024-01-30
setelah dicoba takut gak cocok..ternyata cocok di kulit saya..padahal kulit saya sensitif..top banget..ramah di kantong..,[CLEARANCE SALE] Azarine Twin Pack Sunscreen Mist Micellar Serum 2pcs,bintang 5,Joan,2024-01-30
selalu cocok sama produk azarine..top dech..,[CLEARANCE SALE] Azarine Twin Pack Sunscreen Mist Micellar Serum 2pcs,bintang 5,Joan,2024-01-30
cocok banget kulit jadi lembab..lebih fresh,Azarine Barrier Moisturizer Series Pelembab Wajah Cream Gel Moist 30g,bintang 5,Joan,2024-01-30
selalu cocok dengan produk azarine,Azarine Daily Defender Multivitamin Serum 20ml,bintang 5,Joan,2024-01-30
Ok,[GEL] Azarine Hydrashoothe Sunscreen Gel SPF45++++ 50ml,bintang 5,S***a,2024-01-30
Ok,Azarine Moisturizer Advanced Youth & Serum Retinol Complex [2 PCS],bintang 5,S***a,2024-01-30
Ok,Azarine Barrier Moisturizer Series Pelembab Wajah Cream Gel Moist 30g,bintang 5,S***a,2024-01-30
Ok,Azarine Active Bright Series Treatment,bintang 5,S***a,2024-01-30
tipe kulitku normal,[GEL] Azarine Hydrashoothe Sunscreen Gel SPF45++++ 50ml,bintang 5,D***i,2024-01-30
Cepet banget nyerapnya. Cocok buat kulit berminyak jerawatan ga bikin lengket. Suncreen terfavorit,Azarine Hydramax-C Sunscreen Serum SPF 50 PA++++ 40 ml,bintang 5,L***i,2024-01-30
ringan,[Azarine x Red Velvet] Velvety Lippie Cream Lip Velvet Matte 3.2 ml ,bintang 5,T***A,2024-01-30
bahannya ringan..mufah dserap kulit..terasa ringan dan wanginya enak..bagus untuk menghadap uv a dan uv b  tipe kulitku kombinasi,Azarine Cicamide Barrier Sunscreen Moisturiser SPF35 PA+++ 40ml,bintang 5,Saeful,2024-01-30
barang sesuai deskripsi,[Twin Pack Gel] Azarine Hydrasoothe Sunscreen Gel SPF45 PA++++ 50ml,bintang 5,M***d,2024-01-30
"Pengiriman cepat,penjual ramah,produk ori",Azarine Cicamide Barrier Sunscreen Moisturiser SPF35 PA+++ 40ml,bintang 5,E***h,2024-01-30
tipe kulitku kombinasi masalah kulitku jerawat masalah kulitku pori besar,Azarine Sunscreen Gel SPF45 PA++++ & Vitamin C 10% / Niacinamide 10%,bintang 5,I***a,2024-01-29
Teksturnya ringan dan gampang menyerap. Tapi lama kelamaan kulit jadi rada berminyak di area t zone.,Azarine Cicamide Barrier Sunscreen Moisturiser SPF35 PA+++ 40ml,bintang 4,H***a,2024-01-29
"packet aman, packing rapih. cuma kurir expedisinya aja blegug, ditungguin Dr siang ga nyampe2. eh sore kita Ada urusan dadakan dia nyampe kaga ngabarin, pas Saya cek Dr tokped termyata packet tiba di tujuan padahal di rmh ga Ada org, entah ditaro mana sm kurirnya. Saya buru2 plg, termyata paketnya diselipin di kusen pintu, kacau sih bukannya kontak Saya dl gt. maen diselip aja, gmn coba klo Ada pemulung kira itu kotak kardus sampah? bisa ilang paket saya.",Azarine Radiant Luminous Serum 20ml,bintang 5,Julian,2024-01-29
"alhamdulillah cocok. pembelian kedua, thx u.",Azarine 2 Pcs Paket Barrier Moisturizer Series with Serum 30g,bintang 5,Suci,2024-01-29
"semua productnya kusuka.. kalo beli satuan total 5item 220rb. ku cuma beli 170rb, dapet cashback 20rb syenangnya masih dapet free gift pouch kaca n card",Azarine Super Easy Protection Bundle Sunscreen Spray SPF50 PA+++[5pcs],bintang 5,Elfrida,2024-01-29
"gemass, warnanya cantikk",[Azarine x Red Velvet] Tinted Lippie Cake Lip Tint 2.9ml,bintang 5,D***h,2024-01-29
repeat order,Azarine Acne Gentle Cleansing Foam,bintang 5,M***s,2024-01-29
masalah kulitku pori besar,Azarine Cicamide Barrier Sunscreen Moisturiser SPF35 PA+++ 40ml,bintang 5,Kenzhi,2024-01-29
"ini beda nih dari pertama beli wkwk first time nyobain jatuh cinta bgt, waktu itu pilih shade strawberrypine sama raspberry muffin. trus ini pembelian kedua, ngerasa ini formulanya beda bgt. ini lebih berminyak tapi short-lasting wkwk masa iya abis minum aer ilang, lah coba itu rugi dong ðŸ˜­ ðŸ«µ udahlah, aku pindah haluan aja, byeee âœ¨",[Azarine x Red Velvet] Perfect Ombre Lips Kit,bintang 3,Megasari,2024-01-29
"tipe kulitku berminyak tipe kulitku sensitif masalah kulitku jerawat masalah kulitku pori besar, overall worth it",Azarine Acne Gentle Cleansing Foam,bintang 5,Anwar,2024-01-29
kecepatan pengiriman baik. ada bubble warp.,Azarine Barrier Moisturizer Series Pelembab Wajah Cream Gel Moist 30g,bintang 4,D***i,2024-01-29
tipe kulitku sensitif  masalah kulitku jerawat masalah kulitku pori besar,Azarine Barrier Moisturizer Series Pelembab Wajah Cream Gel Moist 30g,bintang 5,A***a,2024-01-29
dpt harga ceban yay. blm dicoba,[CLEARANCE SALE] Azarine CBD Ampoule Bubble Me Primer Makeup Hair Spa,bintang 5,Astrid,2024-01-29
"pembelian kesekian kalinya. cocok di muka apalagi klo pas jerawatan, kulitnya tetep bs bnafas",Azarine Calm My Acne Sunscreen Moisturiser SPF35 PA+++ 40ml,bintang 5,Astrid,2024-01-29
ternyata dapet 2 ya. baru pertama kali semoga cocok,[TWIN PACK] Azarine CBD Hydraoxidant Ampoule 40ml,bintang 4,Astrid,2024-01-29
"mudah2an cocok, terima kasihðŸ‘ðŸ»",Azarine Retinol Smooth Glowing Serum 20ml,bintang 5,D***a,2024-01-29
udh sering beli ini dan selalu cocok,[Twin Pack Gel] Azarine Hydrasoothe Sunscreen Gel SPF45 PA++++ 50ml,bintang 5,P***a,2024-01-29
barang datang dengan selamat walau agak lama datangnya,[Twin Pack] Azarine Barrier Moisturizer Series Pelembab Wajah [2x30g],bintang 5,Izzaddin,2024-01-29
"packing nya bagus bgt utk cream dg hrg segitu. tekstur ringan cepet meresap di kulit, ga ada bau menyengat samsek. semoga cocok di kulit aku yg kering tp bruntusan.  tq.",Azarine Moisturizer Advanced Youth & Serum Retinol Complex [2 PCS],bintang 4,M***a,2024-01-29
terima kasih...,Azarine Body Guard Moisturizer Sunscreen Serum 100ml,bintang 5,A***i,2024-01-29
tipe kulitku berminyak,[TWINPACK] Azarine Cicamide Barrier Sunscreen Moisturiser SPF35 PA+++,bintang 5,N***a,2024-01-29
"Bahannya ringan, mudah menyerap cocok di kulit aku yg berjerawat. gak bikin breakout. The best pokoknyaðŸ‘ðŸ»ðŸ‘ðŸ»",[GEL] Azarine Hydrashoothe Sunscreen Gel SPF45++++ 50ml,bintang 5,Yashinta,2024-01-29
tipe kulitku kombinasi masalah kulitku jerawat,Azarine Calm My Acne Sunscreen Moisturiser SPF35 PA+++ 40ml,bintang 5,Shabir,2024-01-29
tipe kulitku kombinasi,[Azarine x Marvel] Retinol Complex + 5x Ceramide Mighty Serum 20ml,bintang 5,R***a,2024-01-29
"tipe kulitku berminyak masalah kulitku pori besar ,original 100%  terimakasih.",[GEL] Azarine Hydrashoothe Sunscreen Gel SPF45++++ 50ml,bintang 5,Acep,2024-01-29
"bahannya ringan, cocok digunakan",[Azarine x Red Velvet] Velvety Lippie Cream Lip Velvet Matte 3.2 ml ,bintang 5,tegarz,2024-01-29
"tipe kulitku berminyak, baru mau nyoba makai ini tapi sebelumnya nyoba punya temen cocokkk",[GEL] Azarine Hydrashoothe Sunscreen Gel SPF45++++ 50ml,bintang 5,tegarz,2024-01-29
tipe kulitku berminyak,Azarine Active Bright - Brightening Night Moisturiser 20gr,bintang 5,ananda,2024-01-29
"barang datang sesuai, packing nya aman serta pengiriman cepat",Azarine Barrier Moisturizer Series Pelembab Wajah Cream Gel Moist 30g,bintang 5,F***y,2024-01-29
tipe kulitku berminyak,Azarine Sunscreen Gel SPF45 PA++++ & Vitamin C 10% / Niacinamide 10%,bintang 5,Oktariani,2024-01-29
"Berasa cerah jika sudah pakai, cuman di aku jadi bkin kering jadi mesti pake pelembab muka lg",Azarine Brightening Facial Cleanser 60 Ml,bintang 4,D***a,2024-01-29
"udah beberapa tahun pake emang cocok, karena ga white cast gitu, nyaman, ringan juga, thanks seller tipe kulitku kombinasi",[GEL] Azarine Hydrashoothe Sunscreen Gel SPF45++++ 50ml,bintang 5,B***i,2024-01-29
warnanya cantik bangettt,[Azarine x Red Velvet] Tinted Lippie Cake Lip Tint 2.9ml,bintang 5,M***a,2024-01-29
tipe kulitku kombinasi,Azarine Sunscreen Gel SPF45 PA++++ & Vitamin C 10% / Niacinamide 10%,bintang 5,U***i,2024-01-29
cocok di tipe kulitku kombinasi,[GEL] Azarine Hydrashoothe Sunscreen Gel SPF45++++ 50ml,bintang 5,F***a,2024-01-29
cocok sama yg satu ini,Azarine AHA-BHA-PHA Peeling Serum 20ml,bintang 5,T***a,2024-01-29
mantap barang sesuai,[GEL] Azarine Hydrashoothe Sunscreen Gel SPF45++++ 50ml,bintang 5,n***l,2024-01-29
produk oke,Azarine Body Lotion Bright Power 100ml Lotion Mencerahkan Kulit,bintang 5,j***s,2024-01-29
produk oke,[GEL] Azarine Hydrashoothe Sunscreen Gel SPF45++++ 50ml,bintang 5,j***s,2024-01-29
tipe kulitku kering,[Twin Pack] Azarine Hydramax-C Sunscreen Serum SPF50 PA++++ 40ml,bintang 5,Aura,2024-01-28
pengepakan bagus. sampai dg selamat. respon cepat,Azarine Hydramax-C Sunscreen Serum SPF 50 PA++++ 40 ml,bintang 5,Dede,2024-01-28
tipe kulitku sensitif masalah kulitku jerawat masalah kulitku pori besar,Azarine 2 Pcs Paket Barrier Moisturizer Series with Serum 30g,bintang 5,a***a,2024-01-28
terimakasih ðŸ‘ðŸ»ðŸ‘ðŸ»,Azarine Ceraspray Sunscreen Spray SPF 50 PA+++ cooling sensation 50ml,bintang 5,j***k,2024-01-28
tipe kulitku berminyak masalah kulitku jerawat masalah kulitku pori besar,[TWINPACK] Azarine Calm My Acne Sunscreen Moisturiser SPF35 PA+++ 40ml,bintang 5,Syifa,2024-01-28
Puas Banget Langganan Disini,[GEL] Azarine Hydrashoothe Sunscreen Gel SPF45++++ 50ml,bintang 5,N***a,2024-01-28
"selalu puas belanja disini, recommended seller banget",[Azarine x Red Velvet] Sparkly Blush Kit Highlighter + Blush On [2PCS],bintang 5,Istie,2024-01-28
"selalu puas belanja disini, recommended seller banget",Azarine Ultralight Hydraglow Day Cream SPF 30 PA+++ C White 25gr,bintang 5,Istie,2024-01-28
"selalu puas belanja disini, recommended seller banget",[CLEARANCE SALE] Azarine Twin Pack Sunscreen Mist Micellar Serum 2pcs,bintang 5,Istie,2024-01-28
tipe kulitku normal,[GEL] Azarine Hydrashoothe Sunscreen Gel SPF45++++ 50ml,bintang 5,ani,2024-01-28
"Ringan dibibir, pas sudah kering ngeset d bibir.",[Azarine x Red Velvet] Tinted Lippie Cake Lip Tint 2.9ml,bintang 5,N***l,2024-01-28
tipe kulitku berminyak tipe kulitku kering tipe kulitku kombinasi tipe kulitku normal tipe kulitku sensitif masalah kulitku jerawat masalah kulitku kerutan masalah kulitku pori besar,Azarine Acne Gentle Cleansing Foam,bintang 5,c***a,2024-01-28
"ceept bangett nyampenya, belinya pake voucher beli lokal 30% dapet cashback gopay lagii
Sudah favorit banget sunscreen azarine ini",[GEL] Azarine Hydrashoothe Sunscreen Gel SPF45++++ 50ml,bintang 5,A***a,2024-01-28
"Barang sesuai deskripsi, pengiriman cepat",[GEL] Azarine Hydrashoothe Sunscreen Gel SPF45++++ 50ml,bintang 5,Put,2024-01-28
"good good, udh koleksi semua varian nyaa, suka semuaaaðŸ˜µðŸ”¥ðŸ’™ðŸ’™",Azarine Body Guard Moisturizer Sunscreen Serum 100ml,bintang 5,A***h,2024-01-28
"lembab banget, warnany juga bagus cocok untuk diombre atau dipake satuan. yang cream puff kalau dipake satuan lama2 bakal tinted agak pinkish dan jadi kaya warna bibir natural ðŸ¥°ðŸ¥° baguss bgt. tapi sebelum pake makser harus dibiarin benerÂ² ngeset dulu biar gak terlalu banyak transfer kemanaÂ². 
overall, sangat puas sama produknya ðŸ¤©",[Azarine x Red Velvet] Perfect Ombre Lips Kit,bintang 5,Siti,2024-01-28
"Terima kasih banyak, overall great & sesuai ekspektasi. Keep up the good work",Azarine Ceraspray Sunscreen Spray SPF 50 PA+++ cooling sensation 50ml,bintang 5,F***y,2024-01-28
"Terima kasih banyak, overall great & sesuai ekspektasi. Keep up the good work",Azarine Body Guard Moisturizer Sunscreen Serum 100ml,bintang 5,F***y,2024-01-28
cocok sama serumnya & skrg mau nyobain bundle ini biar bisa cobain ssnya jggg. murah bgt ini jadinya,Azarine Sunscreen Gel SPF45 PA++++ & Vitamin C 10% / Niacinamide 10%,bintang 5,A***l,2024-01-28
tipe kulitku kombinasi masalah kulitku kerutan,Azarine Moisturizer Advanced Youth & Serum Retinol Complex [2 PCS],bintang 5,Shena,2024-01-28
tipe kulitku kombinasi masalah kulitku kerutan,Azarine Sunscreen Gel SPF45 PA++++ & Vitamin C 10% / Niacinamide 10%,bintang 5,S***a,2024-01-28
"Entah udah berapa kali repurchase azarine hydramax c ini! Sesuka ituuu! Terima kasih azarine udah nyiptain produk iniii, butuh ukuran 1literðŸ˜",[Twin Pack] Azarine Hydramax-C Sunscreen Serum SPF50 PA++++ 40ml,bintang 5,Arditya,2024-01-28
bagus banget,Azarine Body Guard Moisturizer Sunscreen Serum 100ml,bintang 5,A***e,2024-01-28
good product...,Azarine Active Bright Series Treatment,bintang 5,Kania,2024-01-28
tipe kulitku berminyak tipe kulitku kombinasi tipe kulitku sensitif,[GEL] Azarine Hydrashoothe Sunscreen Gel SPF45++++ 50ml,bintang 5,N***a,2024-01-28
"tipe kulitku sensitif, tipe kulitku kering..
belum terlalu kelihatan efeknya sudah habis 1 botol..",Azarine Revitalizing Anti Aging Serum 20ml,bintang 4,Lindya,2024-01-28
"buat yang bingun pilih mana, kulit sawo matang, cenderung kulit warm-olive tone, cobain combo 08 + 04 rusberry muffin. mantul bgt muka jadi cerah buat ombre. 07+04 jg oke banget. 
tapi 08 ga cocok dipake sendiri. 07 masih bisa nego pake sendiri",[Azarine x Red Velvet] Tinted Lippie Cake Lip Tint 2.9ml,bintang 5,P***a,2024-01-28
"Shade 05 ini warna nya bagus,cocok buat anak muda,ga gampang ilang,wangi,packaging nya lucu, harga affordable",[Azarine x Red Velvet] Tinted Lippie Cake Lip Tint 2.9ml,bintang 5,z***a,2024-01-28
tipe kulitku normal,Azarine Ultralight Hydraglow Day Cream SPF 30 PA+++ C White 25gr,bintang 5,Anik,2024-01-28
tipe kulitku kering masalah kulitku pori besar,Azarine Barrier Moisturizer Series Pelembab Wajah Cream Gel Moist 30g,bintang 5,Y***a,2024-01-28
tipe kulitku berminyak masalah kulitku jerawat masalah kulitku pori besar,Azarine Acne Gentle Cleansing Foam,bintang 5,m***h,2024-01-28
tipe kulitku berminyak tipe kulitku normal tipe kulitku sensitif,[Twin Pack] Azarine Ceraspray Sunscreen Spray SPF 50 PA+++ 50ml,bintang 5,E***a,2024-01-28
"bagus banget dan terjangkau toplahyyyu

*** AMIN untuk 2024",[GEL] Azarine Hydrashoothe Sunscreen Gel SPF45++++ 50ml,bintang 5,Suko,2024-01-28
tipe kulitku kombinasi,[TWINPACK] Azarine Cicamide Barrier Sunscreen Moisturiser SPF35 PA+++,bintang 5,a***n,2024-01-28
tipe kulitku berminyak,Azarine Moisturizer Advanced Youth & Serum Retinol Complex [2 PCS],bintang 5,S***a,2024-01-28
serum di bungkus bubble wrap rapi. kemarin dah coba serum ini cocok di kulit aku yang berminyak,Azarine Pore Tightening & Oil Control Moist Serum 20 ml,bintang 5,Annisa,2024-01-28
"belum di coba, tapi packing aman",Azarine Acne Gentle Cleansing Foam,bintang 5,Annisa,2024-01-28
masalah kulitku jerawat,[GEL] Azarine Hydrashoothe Sunscreen Gel SPF45++++ 50ml,bintang 5,W***x,2024-01-28
tipe kulitku kering tipe kulitku berminyak masalah kulitku jerawat tipe kulitku normal tipe kulitku kombinasi masalah kulitku kerutan tipe kulitku sensitif masalah kulitku pori besar,[GEL] Azarine Hydrashoothe Sunscreen Gel SPF45++++ 50ml,bintang 5,Marsel,2024-01-28
Udah beli fw azarine hampir setengah tahunan cocok dimuka ku yg oily . Pengiriman standard dan dapet murah bgt cuma 11ribu woilaah mantep bgt tokped.. sering-sering kasi promo gede2an danbocher juga hahah,Azarine Acne Gentle Cleansing Foam,bintang 5,L***a,2024-01-28
baru nyoba dan warna sesuai ekspektasi,[Azarine x Red Velvet] Get Sunkissed Bronzer Powder Contour 5.2 gr,bintang 5,E***a,2024-01-28
favorite,[Azarine x Red Velvet] Oh! SO FINE LINER 1.5ml,bintang 5,E***a,2024-01-28
"Terima kasih, barang sampe dengan selamat dan tepat waktu bgt. Sering sering diskonannya karena aku cocok bgt pake ini. Jadi bakalan beli terus.",[GEL] Azarine Hydrashoothe Sunscreen Gel SPF45++++ 50ml,bintang 5,Enggal,2024-01-27
mantabbb,[Twin Pack] Azarine Barrier Moisturizer Series Pelembab Wajah [2x30g],bintang 5,a***a,2024-01-27
"bagus sih produknya cocok cuma sedikit kecewa packagingnya kurang aman + gak ada bublewrapnya, padahal perjalanan jauh dari sidoarjo sampe jakarta.",Azarine Cicamide Barrier Sunscreen Moisturiser SPF35 PA+++ 40ml,bintang 3,xulfandrx,2024-01-27
"pengirimannya pake sicepat tapi sangat lambat hihi,udh ada d gudang tgl 23/24 baru diantar ke rmh tgl 27,sayang banget ga sesuai nama",Azarine Calming Skin Pair Serum 20ml,bintang 5,F***a,2024-01-27
paket diterima dengan keadaan baik,Azarine Calm My Acne Sunscreen Moisturiser SPF35 PA+++ 40ml,bintang 5,I***h,2024-01-27
"baru pertama pakai, semoga cocok yah min tipe kulitku berminyak tipe kulitku kombinasi",Azarine Acne Gentle Cleansing Foam,bintang 5,A***a,2024-01-27
fast respon,[GEL] Azarine Hydrashoothe Sunscreen Gel SPF45++++ 50ml,bintang 5,hendra,2024-01-27
okeeeeeeeee,[CLEARANCE SALE] Azarine CBD Ampoule Bubble Me Primer Makeup Hair Spa,bintang 5,Lydia,2024-01-27
Niceeeee,Azarine Moisturizer Advanced Youth & Serum Retinol Complex [2 PCS],bintang 5,N***a,2024-01-27
"Worth the price, 2 pcs dapat harga 60k cashback 8kðŸ¤“",Azarine Sunscreen Gel SPF45 PA++++ & Vitamin C 10% / Niacinamide 10%,bintang 5,N***a,2024-01-27
thx yaðŸ˜‰ðŸ˜Š,Azarine Brightening Facial Cleanser 60 Ml,bintang 5,fransisca,2024-01-27
thx yaðŸ˜‰ðŸ˜Š,Azarine Acne Gentle Cleansing Foam,bintang 5,fransisca,2024-01-27
tipe kulitku berminyak masalah kulitku pori besar,Azarine Acne Combo Kit,bintang 5,m***u,2024-01-27
"packing aman banget , semoga cocok",Azarine Barrier Moisturizer Series Pelembab Wajah Cream Gel Moist 30g,bintang 5,y***i,2024-01-27
"alhamdulillah aku cocok pakai azarine, kulit wajah ku perlahan teratasi dgn azarine, thanks azarine ðŸ‘ðŸ¤—ðŸ’—ðŸ’—",Azarine Acne Gentle Cleansing Foam,bintang 5,s***a,2024-01-27
"Repurchased, nda bikin kusam, affordable ðŸ˜„",[TWINPACK] Azarine Cicamide Barrier Sunscreen Moisturiser SPF35 PA+++,bintang 5,L***s,2024-01-27
"susah di blend, jadi alisnya numpuk ngeblock huhu",[Azarine x Red Velvet] Make It Brow-cara! [7 ml],bintang 5,A***a,2024-01-27
"Wanginya lumayan nyaman,,",Azarine Body Guard Moisturizer Sunscreen Serum 100ml,bintang 5,L***s,2024-01-27
suka wanginya,Azarine Body Guard Moisturizer Sunscreen Serum 100ml,bintang 5,Danar,2024-01-27
cocok di aku,Azarine Retinol Smooth Glowing Serum 20ml,bintang 5,d***a,2024-01-27
tipe kulitku berminyak,[GEL] Azarine Hydrashoothe Sunscreen Gel SPF45++++ 50ml,bintang 5,atsila,2024-01-27
tipe kulitku berminyak masalah kulitku jerawat,[GEL] Azarine Hydrashoothe Sunscreen Gel SPF45++++ 50ml,bintang 5,N***a,2024-01-27
"tipe kulitku berminyak masalah kulitku jerawat
ini sunscreen ter thebest untuk kulit oily acne prone bagus banget
luvv",Azarine Calm My Acne Sunscreen Moisturiser SPF35 PA+++ 40ml,bintang 5,N***a,2024-01-27
"tidak bisa berkataÂ² lagi dehh buat moisturizer yang satu ini, mantep pollll, menenangkan banget disaat jerawat sedang meradang, aku sudah makai sampai pembelian kedua",Azarine Barrier Moisturizer Series Pelembab Wajah Cream Gel Moist 30g,bintang 5,C***a,2024-01-27
tipe kulitku kering,Azarine Barrier Moisturizer Series Pelembab Wajah Cream Gel Moist 30g,bintang 5,I***a,2024-01-27
"Tekstur lembut seperti gel, cepat menyerap dikulit dan tidak terasa lengket. Cocok untuk yang gampang kering, karena melembapkan.
Pengiriman cepat.
Packing oke
Good job, seller!
Good luck!",[GEL] Azarine Hydrashoothe Sunscreen Gel SPF45++++ 50ml,bintang 5,Loki,2024-01-27
tipe kulitku kombinasi masalah kulitku pori besar,Azarine Barrier Moisturizer Series Pelembab Wajah Cream Gel Moist 30g,bintang 5,lalapoh,2024-01-26
kedua kalinya pakai produk ini! cocok banget di kulitku yang (sepertinya) kombinasi dan acne prone hihihi,Azarine Barrier Moisturizer Series Pelembab Wajah Cream Gel Moist 30g,bintang 5,Rania,2024-01-26
"Pesan yang serum vitamin C malah dikirim retinol.
jadi sedikit kecewa",Azarine Sunscreen Gel SPF45 PA++++ & Vitamin C 10% / Niacinamide 10%,bintang 1,Suryo,2024-01-26
"sukaa, baru sekali pake sihh blum bgitu kliatan hasilnya tpi semoga cocok",Azarine Body Lotion Barrrier Glow 100ml Lotion Kulit Glowing,bintang 5,J***n,2024-01-26
tipe kulitku berminyak,Azarine Acne Gentle Cleansing Foam,bintang 5,Yuniar,2024-01-26
"barang tidak sesuai, gabisa klaim garansi karna memang ga menyiapkan video unboxing.
baru ini pesanan saya salah dan baru kali ini ngasih bintang 1 karna kecewa.
tolong lain kali lebih teliti.",[Azarine x Red Velvet] Sweet Treats Eyeshadow [5.5 gr],bintang 1,Y***a,2024-01-26
tipe kulitku kombinasi,[TWINPACK] Azarine Cicamide Barrier Sunscreen Moisturiser SPF35 PA+++,bintang 5,I***n,2024-01-26
"mantap barangnya bagus, selalu pakai moisturizer ini, murah sering dpt diskon, packing aman, pengiriman cepat, thankyouu seller!ðŸ™ðŸ‘ðŸ‘",Azarine Oil Free Brightening Daily Moisturizer,bintang 5,mima,2024-01-26
tipe kulitku berminyak tipe kulitku kering masalah kulitku jerawat,[GEL] Azarine Hydrashoothe Sunscreen Gel SPF45++++ 50ml,bintang 5,Y***a,2024-01-26
"Bagus bangeeetttðŸ«¶ðŸ» Warnanya oke, stainnya mantul, gak bikin bibir kering. Recommend pokonya, luuuvvðŸ’—",[Azarine x Red Velvet] Tinted Lippie Cake Lip Tint 2.9ml,bintang 5,N***a,2024-01-26
Favorit sunscreen,[Twin Pack] Azarine Hydramax-C Sunscreen Serum SPF50 PA++++ 40ml,bintang 5,d***h,2024-01-26
tipe kulitku berminyak tipe kulitku kering tipe kulitku normal masalah kulitku jerawat,[TWINPACK] Azarine Cicamide Barrier Sunscreen Moisturiser SPF35 PA+++,bintang 4,i***i,2024-01-26
tipe kulitku kering tipe kulitku berminyak tipe kulitku normal masalah kulitku kerutan masalah kulitku jerawat,[TWINPACK] Azarine Calm My Acne Sunscreen Moisturiser SPF35 PA+++ 40ml,bintang 4,i***i,2024-01-26
"Oil waternya nyaman dipakai, bs menghapus waterproof make up tanpa oily bgt.
Micellar waternya nyaman, ga bikin kering",[BUNDLE] Azarine Micellar Water [2x90 ml],bintang 5,Devita,2024-01-26
tipe kulitku kering,Azarine Hydramax-C Sunscreen Serum SPF 50 PA++++ 40 ml,bintang 5,O***a,2024-01-26
tipe kulitku berminyak,Azarine Calm My Acne Sunscreen Moisturiser SPF35 PA+++ 40ml,bintang 5,Mujahidah,2024-01-26
Terima kasih harga murah barang sampai dengan selamat bubble wrap tebel dan pengiriman cepat,[Twin Pack] Azarine Hydramax-C Sunscreen Serum SPF50 PA++++ 40ml,bintang 5,M***a,2024-01-26
tipe kulitku berminyak tipe kulitku normal tipe kulitku kombinasi masalah kulitku jerawat masalah kulitku kerutan masalah kulitku pori besar tipe kulitku sensitif tipe kulitku kering,[Twin Pack] Azarine Hydramax-C Sunscreen Serum SPF50 PA++++ 40ml,bintang 5,N***a,2024-01-26
"tipe kulitku kombinasi cocok banget pake sunscreennya azarine, teksturnya ringan, ga bikin kulit kusam, no whitecast, gampang diblend, udah repurchase yg ke 3 kali. Alhamdulillah pembelian kmrn dapet diskom & cashback.
pengiriman cepat, respon seller baik, saat diterima barang dalam kondisi baik. terima kasih",[GEL] Azarine Hydrashoothe Sunscreen Gel SPF45++++ 50ml,bintang 5,M***a,2024-01-26
tipe kulitku kombinasi,[TWINPACK] Azarine Cicamide Barrier Sunscreen Moisturiser SPF35 PA+++,bintang 5,hira,2024-01-26
tipe kulitku berminyak,Azarine Sunscreen Gel SPF45 PA++++ & Vitamin C 10% / Niacinamide 10%,bintang 5,R***a,2024-01-26
belum coba semoga cocok,[Twin Pack] Azarine Hydramax-C Sunscreen Serum SPF50 PA++++ 40ml,bintang 5,Isti,2024-01-26
"Packaging pas ngirim barangnya oke, yang serumnya juga dipakein bubble wrap, jadi ga perlu khawatir si botol serumnya pecah. Oh iya, berhubung udah beberapa minggu pake si serumnya, udah mulai sedikit ada hasil. Saya ada masalah hyperpigmentation di area bibir, udah mulai memudar, cuman mungkin kudu rutin sama kayanya butuh beberapa bulan untuk betul-betul get rid of hyperpigmentationnya. Mungkin musti follow salah satu sosmednya Azarine. Syukur-syukur di website azarinenya kaya ada menu news kaya bahas, ""Apa yang lagi dikerjain sama tim RnDnya Azarine"". Ini mungkinn bakal lebih menarik perhatian calon customer ataupun loyal customernya Azarine. Produk ini ga da masalah juga di kulit saya selama pemakaian, serum sama si sunscreennya ya working well, jadi ya untuk beberapa waktu ke depan, mungkin bakal pake produk dari Azarine ini. Buat calon customer yang lain, best for research before what your type skin, and problem with your skin. Makasih Azarine.",Azarine Sunscreen Gel SPF45 PA++++ & Vitamin C 10% / Niacinamide 10%,bintang 5,Syahrul,2024-01-26
tipe kulitku berminyak,Azarine Active Bright - Brightening Day Moisturiser SPF 25++ 20gr,bintang 5,Niswah,2024-01-26
tipe kulitku kering jadi lembab pakai ini,Azarine Barrier Moisturizer Series Pelembab Wajah Cream Gel Moist 30g,bintang 5,Ni,2024-01-26
tipe kulitku normal,Azarine Retinol Smooth Glowing Serum 20ml,bintang 5,nak,2024-01-26
mantep banget jerawat aku langsung pada kering,Azarine Calm My Acne Sunscreen Moisturiser SPF35 PA+++ 40ml,bintang 5,Dewi,2024-01-25
sudah sampai dengan selamat. terima kasih bajyak,[GEL] Azarine Hydrashoothe Sunscreen Gel SPF45++++ 50ml,bintang 5,N***i,2024-01-25
tipe kulitku normal tipe kulitku kering tipe kulitku berminyak,Azarine Ultralight Hydraglow Day Cream SPF 30 PA+++ C White 25gr,bintang 5,D***i,2024-01-25
"as usual bagus bgt, udh repurchase kesekian kali, memplump kan bibir melembabkan dan bikin warna jd cerah kalo dicombine sama pure paw paw",[Twin pack] Azarine Magic Colour Lip Serum 3.5ml [2x3.5ml] Lip Balm,bintang 5,I***l,2024-01-25
Bagus memuaskan,[Twin Pack Gel] Azarine Hydrasoothe Sunscreen Gel SPF45 PA++++ 50ml,bintang 5,R***n,2024-01-25
masalah kulitku jerawat masalah kulitku pori besar tipe kulitku kombinasi tipe kulitku sensitif,Azarine Calm My Acne Sunscreen Moisturiser SPF35 PA+++ 40ml,bintang 5,Y***a,2024-01-25
Mantul,Azarine Retinol Smooth Glowing Serum 20ml,bintang 5,Nurul,2024-01-25
pesanan sesuai,Azarine Hydramax-C Sunscreen Serum SPF 50 PA++++ 40 ml,bintang 5,anggarini,2024-01-25
No review found,[Twin Pack Gel] Azarine Hydrasoothe Sunscreen Gel SPF45 PA++++ 50ml,bintang 1,Lili,2024-01-25
"mkasih pesanan sudah sesuai pesanan saya,
pengiriman cepat matappppp....",Azarine Barrier Moisturizer Series Pelembab Wajah Cream Gel Moist 30g,bintang 5,Puji,2024-01-25
masalah kulitku jerawat masalah kulitku pori besar,AZARINE TONER 90ml,bintang 5,AISYAH,2024-01-25
"sesuai pesanan, pengiriman cepat dan pengemasan bagus sekalii. mantappp",[Azarine x Red Velvet] Tinted Lippie Cake Lip Tint 2.9ml,bintang 5,P***i,2024-01-25
tefima kasih pesena. nya uxah sampai..sudah cocok pakai skincare dari merk azarine kualitas baguss harga juga terjangkou...,Azarine Moisturizer Advanced Youth & Serum Retinol Complex [2 PCS],bintang 5,e***h,2024-01-25
terima kasih pesenan nya udah sampai udah cocok pakai skincare dari merk azarine ringan d pakai nya bikin kulit tambah cerah dan lembut,Azarine Hydramax Water Bank Serum 20ml,bintang 5,e***h,2024-01-25
tipe kulitku berminyak,Azarine Hydramax-C Sunscreen Serum SPF 50 PA++++ 40 ml,bintang 5,Sahda,2024-01-25
Exp masih lama,[Twin Pack] Azarine Hydramax-C Sunscreen Serum SPF50 PA++++ 40ml,bintang 5,M***d,2024-01-25
Exp masih lama,[Twin Pack] Azarine Hydramax-C Sunscreen Serum SPF50 PA++++ 40ml,bintang 5,M***d,2024-01-25
Ini serum yang sangat saya suka dari azarine. Teksturnya cair namun agak kental sedikit dan sangat mudah diaplikasikan ke wajah dan salah satu serum yang bagus digunakan jika lagi bruntusan atau menggunakan make up tebal sekalipun karena tetap melembabkan kulit saya,Azarine Hydramax Water Bank Serum 20ml,bintang 5,Tina,2024-01-25
"Ini bener-bener produk azarine yg luar biasa dan tidak pernah membuat saya kecewa. Teksturnya seperti jel namun jika kita aplikasikan ke wajah, berubah menjadi bisa dan setelah dibilas dengan air, wajah saya yg sama sekali tidak dibersihkan dengan micelar water terasa bersih.",[TWIN PACK] Azarine Vitamin Lab Bubble on Me Deep Mask Cleanser 60ml,bintang 5,Tina,2024-01-25
Teksturnya seperti jel namun tidak lengket dan lumayan cepat meresap di  tipe kulitku kombinasi,[TWIN PACK] Azarine CBD Hydraoxidant Ampoule 40ml,bintang 5,Tina,2024-01-25
Ketiganya luar biasa menghidrasi kulit jika digabungkan dan tidak membuat wajah saya gatal.,Azarine 3 Pcs Paket Barrier Moisturizer Series with Sunscreen 30g,bintang 5,Tina,2024-01-25
"sukaa sama sunscreen ini krna dikasi tau temen, udh pembelian kedua sih inii",Azarine Calm My Acne Sunscreen Moisturiser SPF35 PA+++ 40ml,bintang 5,J***n,2024-01-25
"bau nya enakk, gak nyengat bgt. make nya kulit harus bner bner kering jkalo kena air jadinya agak licin trus lengket. tpi gkpapa sih gk bgitu kerasa. overall sukaa dan semoga cocok",Azarine Body Guard Moisturizer Sunscreen Serum 100ml,bintang 5,J***n,2024-01-25
Done ðŸ‘ðŸ»,[Twin Pack Gel] Azarine Hydrasoothe Sunscreen Gel SPF45 PA++++ 50ml,bintang 5,A***i,2024-01-25
tipe kulitku berminyak masalah kulitku jerawat masalah kulitku pori besar,Azarine Acne Gentle Cleansing Foam,bintang 5,M***n,2024-01-25
Bagus bgt cocok dikulit laki2 suka bgt lovependkdksnz,[Azarine x Red Velvet] Tinted Lippie Cake Lip Tint 2.9ml,bintang 5,L***s,2024-01-25
Baikkk,[GEL] Azarine Hydrashoothe Sunscreen Gel SPF45++++ 50ml,bintang 5,S***i,2024-01-25
tipe kulitku berminyak masalah kulitku pori besar,[GEL] Azarine Hydrashoothe Sunscreen Gel SPF45++++ 50ml,bintang 5,R***i,2024-01-25
"packaging aman, bubble wrap tebel dan dikardusin juga. pengiriman cepat.",Azarine Moisturizer Advanced Youth & Serum Retinol Complex [2 PCS],bintang 5,W***a,2024-01-25
"barang sesuai pesanan, expired aman",Azarine Revitalizing Anti Aging Serum 20ml,bintang 5,N***g,2024-01-24
"barang sesuai pesanan, expired aman",Azarine Pore Tightening & Oil Control Moist Serum 20 ml,bintang 5,N***g,2024-01-24
"ok sih, tapi kenapa yg satu ga ada segel nya ya ?",Azarine Body Guard Moisturizer Sunscreen Serum 100ml,bintang 4,Reiza,2024-01-24
"bahannya ringan, mantul",Azarine Cicamide Barrier Sunscreen Moisturiser SPF35 PA+++ 40ml,bintang 5,r***a,2024-01-24
tekstur lembut nyaman dikulit cocok banget daahhh,[Twin Pack Gel] Azarine Hydrasoothe Sunscreen Gel SPF45 PA++++ 50ml,bintang 5,irma,2024-01-24
warnanya agak beda sama di etalase jadinya cream agak pink tapi saya suka2 sj. buat nambah koleksi warna lain.,[Azarine x Red Velvet] Tinted Lippie Cake Lip Tint 2.9ml,bintang 5,Inge,2024-01-24
tipe kulitku berminyak,[Azarine x Marvel] Vitamin C 10% + Diamond Booster Serum 20ml,bintang 5,F***a,2024-01-24
tipe kulitku berminyak,Azarine Acne Spot Serum 20ml,bintang 5,F***a,2024-01-24
"beli twin. yg dikirim cuma 1. difollow up admin katanya mau dikirim diluar toped kekuranganya. maximal 6 hari kerja. ini sudah lebih dari 6 hari kerja. kemudia saya tanya cuma dijawab. PASTI DIKIRIM KOK KAK. really bad attitude !

review saya edit. kekurangan telah dikirim seller. terimakasih azarine masih amanah. next qc nya diperketat . shingga saya konsumen ga perlu repot2 lagi video unboxing krn sudah percaya pada azarine.",[Twin Pack Gel] Azarine Hydrasoothe Sunscreen Gel SPF45 PA++++ 50ml,bintang 4,michael,2024-01-24
parah bangetttt harganyaa.. eeeh besoknya malah turun lg.. pan gemesss... tp lanjut beli lg.. sayaaang klo dilewatin,Azarine Moisturizer Advanced Youth & Serum Retinol Complex [2 PCS],bintang 5,D***h,2024-01-24
"parah banget flash sale nyaa... 

cucok lah ama azarine..",[CLEARANCE SALE] Azarine Twin Pack Sunscreen Mist Micellar Serum 2pcs,bintang 5,D***h,2024-01-24
tipe kulitku berminyak,Azarine Oil Free Brightening Daily Moisturizer,bintang 5,I***e,2024-01-24
"penjual amanah.. barang kurang ... dikirim ulang... mksh yaðŸ‘ƒðŸ™
moga berkah . dagangannya laku",[Twin Pack Gel] Azarine Hydrasoothe Sunscreen Gel SPF45 PA++++ 50ml,bintang 5,Lukmayanti,2024-01-24
"paketnya sudah sampai dengan aman, baru pertama kali pakai nih smg cocok sama kulit wajahku.",Azarine Cicamide Barrier Sunscreen Moisturiser SPF35 PA+++ 40ml,bintang 5,A***a,2024-01-24
"Harga lebih murah ditokped ketimbang di keranjang oranye,sejauh ini si belum bikin putih putih banget tp entah kenapa masih cinta produk azarine,Smg pemakaian rutin bikin benar2 wajah putih dan glowing kaya klaimnya",Azarine Ultralight Hydraglow Day Cream SPF 30 PA+++ C White 25gr,bintang 5,M***a,2024-01-24
"Sebenarnya g terlalu suka produk eyebrownya karena isi sedikit bgt dan gampang patah,tapi hasilnya bagus,tolong diperbaiki kekurangan itu azarine ,kl produk yg lain bagus dan suka",[Azarine x Red Velvet] Oh! MY BROW DEFINER 0.06gr,bintang 3,M***a,2024-01-24
"bagus dan suka ,lebih murah ditoko ini ketimbang di keranjang oranye",Azarine Brightening Facial Cleanser 60 Ml,bintang 5,M***a,2024-01-24
sesuai pesanan. pengemasan dan pengiriman oke. makasih,[Azarine x Red Velvet] Tinted Lippie Cake Lip Tint 2.9ml,bintang 5,S***i,2024-01-24
baru nyoba semoga cocok,Azarine Barrier Moisturizer Series Pelembab Wajah Cream Gel Moist 30g,bintang 5,F***y,2024-01-24
baru nyoba semoga cocok,Azarine AHA-BHA-PHA Peeling Serum 20ml,bintang 5,F***y,2024-01-24
"Bagus sekali sesuai pesanan sudah order yang keberapa kali, karna sebagus itu dan cocok untuk oily skin.",[GEL] Azarine Hydrashoothe Sunscreen Gel SPF45++++ 50ml,bintang 5,Fanny,2024-01-24
tipe kulitku berminyak masalah kulitku jerawat,Azarine Acne Gentle Cleansing Foam,bintang 5,s***i,2024-01-24
tipe kulitku berminyak masalah kulitku jerawat,Azarine Calm My Acne Sunscreen Moisturiser SPF35 PA+++ 40ml,bintang 5,novian,2024-01-24
wkwkw mleyot,Azarine Pore Tightening & Oil Control Moist Serum 20 ml,bintang 3,Intan,2024-01-24
so far ini produk paling nyaman buat kulit wajah & pasti beli lagii â¤ï¸â¤ï¸â¤ï¸â¤ï¸â¤ï¸,Azarine 3 Pcs Paket Barrier Moisturizer Series with Sunscreen 30g,bintang 5,D***y,2024-01-24
"pengiriman capet, warnanya cakep, rada wangi",[Azarine x Red Velvet] Tinted Lippie Cake Lip Tint 2.9ml,bintang 5,Widya,2024-01-24
Pengemasannya terlalu lama. gak gercep,Azarine Calm My Acne Sunscreen Moisturiser SPF35 PA+++ 40ml,bintang 3,Linda,2024-01-24
"tipe kulitku kombinasi 
best combination sama moisturizer yg ijo",Azarine Acne Gentle Cleansing Foam,bintang 5,T***s,2024-01-24
tipe kulitku berminyak,Azarine Moisturizer Advanced Youth & Serum Retinol Complex [2 PCS],bintang 5,M***i,2024-01-23
baru akan coba moga cocok,Azarine Barrier Moisturizer Series Pelembab Wajah Cream Gel Moist 30g,bintang 5,a***n,2024-01-23
"baru akan dicoba, moga sesuai deskripsi",Azarine Cicamide Barrier Sunscreen Moisturiser SPF35 PA+++ 40ml,bintang 5,a***n,2024-01-23
Pengemasan cepat dan aman,Azarine Cicamide Barrier Sunscreen Moisturiser SPF35 PA+++ 40ml,bintang 5,dezy,2024-01-23
Pengemasan cepat dan aman,[Twin Pack] Azarine Barrier Moisturizer Series Pelembab Wajah [2x30g],bintang 5,dezy,2024-01-23
"baru akan coba, moga cocok",Azarine Brightening Facial Cleanser 60 Ml,bintang 5,a***n,2024-01-23
"nympe nya cepett,,  ringan banget di kulit",Azarine Calm My Acne Sunscreen Moisturiser SPF35 PA+++ 40ml,bintang 5,T***a,2024-01-23
warna lip tint nya saya suka. terimakasih banyak :â -â ),[TWINPACK] Azarine Calm My Acne Sunscreen Moisturiser SPF35 PA+++ 40ml,bintang 5,Widia,2024-01-23
good,[Azarine x Red Velvet] Perfect Ombre Lips Kit,bintang 5,T***a,2024-01-23
"Tipe kulitku combi to oily, serumnya cocok gampang nyerap dan lumayan ngaruh",Azarine AHA-BHA-PHA Peeling Serum 20ml,bintang 4,i***a,2024-01-23
tipe kulitku kombinasi,[GEL] Azarine Hydrashoothe Sunscreen Gel SPF45++++ 50ml,bintang 5,Jamiah,2024-01-23
"udah jadi sunscreen andalan, cocok buat kulit mukaku yg kering, barang sampai dg aman",Azarine Hydramax-C Sunscreen Serum SPF 50 PA++++ 40 ml,bintang 5,c***a,2024-01-23
tipe kulitku berminyak masalah kulitku pori besar,Azarine Barrier Moisturizer Series Pelembab Wajah Cream Gel Moist 30g,bintang 5,Y***A,2024-01-23
"worth to buy, 2 items dpt di harga 59kðŸ˜ packingnya niat dan aman bgt. thank u somuch azarine&tokped!ðŸ˜­ðŸ«µðŸ»ðŸ’— tapi plis non aktifin ekspedisi sicepat, bukannya cepet malah lambat nyampenyaðŸ˜  masa sda-sub sampe 3hariðŸ˜ ðŸ«µðŸ» azarine ngirim pake sapx aja sehari sampe loh, itu mah bukan ekspedisi sicepat tapi silambatðŸ˜ ðŸ˜ ðŸ˜ ",Azarine Moisturizer Advanced Youth & Serum Retinol Complex [2 PCS],bintang 5,Gilang,2024-01-23
"Barang sampai dengan baik, sedikit masalah dalam pengiriman.",Azarine Cicamide Barrier Sunscreen Moisturiser SPF35 PA+++ 40ml,bintang 5,D***a,2024-01-23
Bagus dan original pengiriman nya juga cepet banget,Azarine Hair Spa Aloevera 200 gr,bintang 5,Aan,2024-01-23
ok banget ðŸ‘ðŸ‘,[TWINPACK] Azarine Cicamide Barrier Sunscreen Moisturiser SPF35 PA+++,bintang 5,s***i,2024-01-23
"Barang sesuai deskripsi. Kemasan dan packing aman dan rapi.
Semoga khasiatnya cocok.
Recommended ðŸ‘",Azarine Revitalizing Anti Aging Serum 20ml,bintang 5,Masjhar,2024-01-23
"Barang sesuai deskripsi, kemasan dan packing aman dan rapi.
Tentang khasiat semoga cocok.
Recommended ðŸ‘",Azarine Active Bright - Brightening Day Moisturiser SPF 25++ 20gr,bintang 5,Masjhar,2024-01-23
belum dicoba semoga cocok,Azarine Acne Spot Serum 20ml,bintang 5,Armelita,2024-01-23
No review found,Azarine Calm My Acne Sunscreen Moisturiser SPF35 PA+++ 40ml,bintang 5,Armelita,2024-01-23
tipe kulitku kombinasi masalah kulitku jerawat,Azarine Calm My Acne Sunscreen Moisturiser SPF35 PA+++ 40ml,bintang 5,a***a,2024-01-23
pengiriman cepat. barang sesuai,Azarine Healthy Glow Skin Kit,bintang 5,F***h,2024-01-23
masalah kulitku jerawat,Azarine Calm My Acne Sunscreen Moisturiser SPF35 PA+++ 40ml,bintang 5,Yuliana,2024-01-23
Belum coba yg varian ini mudah2an cocok,Azarine Retinol Smooth Glowing Serum 20ml,bintang 5,Frisco,2024-01-23
Selalu cocok di wajah,[TRIPLEPACK] Azarine Cicamide Barrier Sunscreen Moisturiser SPF35 PA++,bintang 5,M***d,2024-01-23
"wanginyaa sukak padahal blind buy, semoga cocokk",Azarine Body Guard Moisturizer Sunscreen Serum 100ml,bintang 5,a***s,2024-01-23
"tipe kulitku kering, pakai sunscreen ini lebih lembab, bagus produknya. terimakasih semoga bermanfaat ya",[GEL] Azarine Hydrashoothe Sunscreen Gel SPF45++++ 50ml,bintang 5,TRIO,2024-01-23
tipe kulitku berminyak,Azarine Calm My Acne Sunscreen Moisturiser SPF35 PA+++ 40ml,bintang 5,R***a,2024-01-23
tipe kulitku normal,Azarine Barrier Moisturizer Series Pelembab Wajah Cream Gel Moist 30g,bintang 5,TriyaFiryal,2024-01-23
"Kalau urusan sunscreen, produk ini adalah favorit. ðŸ‘ðŸ»",[Twin Pack Gel] Azarine Hydrasoothe Sunscreen Gel SPF45 PA++++ 50ml,bintang 5,R***o,2024-01-23
thank u min ss tiba dengan aman,[Twin Pack] Azarine Hydramax-C Sunscreen Serum SPF50 PA++++ 40ml,bintang 5,u***i,2024-01-23
tipe kulitku kering,[TWINPACK] Azarine Cicamide Barrier Sunscreen Moisturiser SPF35 PA+++,bintang 5,R***a,2024-01-23
Ternyata wanginya ga seperti yg diharapkan. Tp efeknya di kulit tetep bagus.,Azarine Body Guard Moisturizer Sunscreen Serum 100ml,bintang 4,Sabina,2024-01-23
"Lumayan dapet diskon. Tapi pengirimannya lamaðŸ¥¹
Belum bisa review, baru pembelian pertama",Azarine Niacinamide 5% + Moisture Sepiwhite Serum 20ml,bintang 5,Intan,2024-01-23
belum coba. beli karena disaranin. semoga cocok. packingnya juga aman. pengirimannya lumayaan tipe kulitku kombinasi,Azarine Retinol Smooth Glowing Serum 20ml,bintang 4,Chintya,2024-01-23
abguusss,Azarine Retinol Smooth Glowing Serum 20ml,bintang 5,DWI,2024-01-23
"sunscreen enak mudah menyerap krn texture gel, cuman disayangkan krn lubang tubenya gede jadi kalo pakai dosis 2 jari gendut tuh radak susah, mungkin bisa diperbaiki dari segi packaging  tipe kulitku kombinasi",[Twin Pack] Azarine Hydramax-C Sunscreen Serum SPF50 PA++++ 40ml,bintang 4,I***e,2024-01-23
tipe kulitku normal tipe kulitku berminyak masalah kulitku jerawat tipe kulitku kombinasi,[TWINPACK] Azarine Calm My Acne Sunscreen Moisturiser SPF35 PA+++ 40ml,bintang 5,Mainan,2024-01-23
tipe kulitku berminyak,Azarine Cicamide Barrier Sunscreen Moisturiser SPF35 PA+++ 40ml,bintang 5,R***a,2024-01-23
sudah sering beli dan belum ada yg tidak sesuai dengan produknya,Azarine Hydramax-C Sunscreen Serum SPF 50 PA++++ 40 ml,bintang 5,Yeska,2024-01-23
"tipe kulitku kombinasi masalah kulitku kerutan masalah kulitku pori besar
bagus banget muka ku jadi lebih haluss",Azarine AHA-BHA-PHA Peeling Serum 20ml,bintang 5,N***o,2024-01-23
barang sudah sampai dengan selamat. tks,[Twin Pack] Azarine Hydramax-C Sunscreen Serum SPF50 PA++++ 40ml,bintang 5,Gunar,2024-01-23
Cocok untuk kulit kering,Azarine Niacinamide 10%+Dipotassium Glycyrrhizate Glorious Serum 20ml,bintang 5,F***x,2024-01-23
"tipe kulitku kering mayan bantu sii, btw tutupnya yg dalem susah banget di bukaðŸ˜­",Azarine Barrier Moisturizer Series Pelembab Wajah Cream Gel Moist 30g,bintang 5,a***u,2024-01-23
tipe kulitku kombinasi,Azarine Moisturizer Advanced Youth & Serum Retinol Complex [2 PCS],bintang 5,o***v,2024-01-23
"Setelah menggunakan 2 produk ini selama beberapa hari, kulit wajah yang tadinya kering sekarang terasa lembab ðŸ«°ðŸ» love it!",Azarine Skin Power Combo Paket Mencerahkan & Menghaluskan [2 x 20 ml],bintang 5,Veby,2024-01-23
tipe kulitku berminyak masalah kulitku jerawat,[GEL] Azarine Hydrashoothe Sunscreen Gel SPF45++++ 50ml,bintang 5,N***g,2024-01-23
2 minggu baru sampe,[GEL] Azarine Hydrashoothe Sunscreen Gel SPF45++++ 50ml,bintang 1,V***a,2024-01-23
"cocok di kulit yg sensitif, teksturnya ga lengket",Azarine Calm My Acne Sunscreen Moisturiser SPF35 PA+++ 40ml,bintang 5,Nancy,2024-01-23
tipe kulitku berminyak,[Combo Protection] Azarine Sunscreen Gel + Body Guard Sunscreen Serum,bintang 5,dani,2024-01-23
tipe kulitku berminyak,Azarine Oil Free Brightening Daily Moisturizer,bintang 5,dani,2024-01-23
pengiriman lama dari sebelum tahun baru dan paket tidak saya terima. ekspedisi nyasar kirim paket nya.,Azarine Hydramax-C Sunscreen Serum SPF 50 PA++++ 40 ml,bintang 1,S***a,2024-01-23
Cantik warnanya dan ternyata pigmented bgt ya,[Azarine x Red Velvet] Sweet Treats Eyeshadow [5.5 gr],bintang 5,A***a,2024-01-23
"Cocok, udah sering pake. OK.",[Twin Pack Gel] Azarine Hydrasoothe Sunscreen Gel SPF45 PA++++ 50ml,bintang 5,N***a,2024-01-23
udah sering repeat order. ok,Azarine Oil Free Brightening Daily Moisturizer,bintang 5,N***a,2024-01-23
tipe kulitku berminyak,Azarine Barrier Moisturizer Series Pelembab Wajah Cream Gel Moist 30g,bintang 5,R***a,2024-01-23
Aku masih belum pernah coba tapi semoga nanti sesuai expetasii. Barangnya sampe dengan aman plus bubble wrapnya tebel bangettttt.,Azarine Cicamide Barrier Sunscreen Moisturiser SPF35 PA+++ 40ml,bintang 5,Elsa,2024-01-23
"packingnya niat bgt padahal cuma beli lip cream, so aman bgt nyampe ke custðŸ˜­ðŸ’— warnanya cantik buat ombreðŸ˜ thx u tokped&azarine!ðŸ’—",[Azarine x Red Velvet] Simply Chic Lips Kit Velvety Lippie Cream 2pcs,bintang 5,Gilang,2024-01-23
No review found,Azarine AHA-BHA-PHA Peeling Serum 20ml,bintang 5,Zaki,2024-01-23
barang dikirim cuma 1 padahal beli twin wkwkwk. halo azarine kalo mau aku ubah ratingnya tolong kirim barang kurangnya yg harusnya jadi hak saya ya!!,[Twin Pack Gel] Azarine Hydrasoothe Sunscreen Gel SPF45 PA++++ 50ml,bintang 1,Jovita,2024-01-23
"lucuuu bgt warnanya hihi, liat punya temen bagus jadi aku ikut beli >_<",[Azarine x Red Velvet] Tinted Lippie Cake Lip Tint 2.9ml,bintang 5,E***i,2024-01-23
sudah tube ke 3 ðŸ«¶ðŸ»ðŸ«¶ðŸ» bagus bgt cocok buatku,Azarine Calm My Acne Sunscreen Moisturiser SPF35 PA+++ 40ml,bintang 5,E***i,2024-01-23
"tipe kulitku kombinasi, masalah kulitku pori besar",Azarine Pore Tightening & Oil Control Moist Serum 20 ml,bintang 5,R***a,2024-01-23
mantap sesuk order neh âœŒï¸,Azarine Barrier Moisturizer Series Pelembab Wajah Cream Gel Moist 30g,bintang 5,R***a,2024-01-23
"warnanya cantikkk, suka â¤ï¸â¤ï¸â¤ï¸",[Azarine x Red Velvet] Tinted Lippie Cake Lip Tint 2.9ml,bintang 5,nabilah,2024-01-23
"buat akuu, ini enak banget ss nya, nggak lengket, finish nya enak banget di kulitku yg oilyy. sukaaaâ¤ï¸â¤ï¸",Azarine Calm My Acne Sunscreen Moisturiser SPF35 PA+++ 40ml,bintang 5,nabilah,2024-01-23
"ini cocok buat kulit sensitif oily acne prone kaya akuuuu, nggak perih, dan nggak bikin keringgg sukakkâ¤ï¸â¤ï¸",Azarine Micellar Water 90 ml,bintang 5,nabilah,2024-01-23
warnanya nude bangettt. beda sama di foto.,[Azarine x Red Velvet] Tinted Lippie Cake Lip Tint 2.9ml,bintang 2,Siska,2024-01-23
exp lama packsging rapi cpet bgt sampe sukses trus ajarin,Azarine Moisturizer Advanced Youth & Serum Retinol Complex [2 PCS],bintang 5,Ivan,2024-01-23
tipe kulitku berminyak tipe kulitku kering,Azarine Sunscreen Gel SPF45 PA++++ & Vitamin C 10% / Niacinamide 10%,bintang 5,M***a,2024-01-23
"Lotion nya bagus banget,teksturnya light watery gitu terus easy di apply ke kulit, nyerap nya cepet dan melembapkan banget gitu oya ini juga spf 50 juga lagi beneran bakal repurchase sih kalo abis hihi",[EXCLUSIVE DEALS] Azarine Body Guard Sunscreen Sunproof Sun O'clock,bintang 5,Aulia,2024-01-23
"Barang sesuai pesanan, barang bagus",Azarine Hydramax-C Sunscreen Serum SPF 50 PA++++ 40 ml,bintang 5,M***a,2024-01-23
Barangnya sesuai pesanan,Azarine Hydramax-C Sunscreen Serum SPF 50 PA++++ 40 ml,bintang 5,M***a,2024-01-23
nice,Azarine Acne Gentle Cleansing Foam,bintang 5,K***h,2024-01-23
tipe kulitku kering,AZARINE TONER 90ml,bintang 5,F***h,2024-01-23
"Baru mau coba pertama kali, semoga cocok.Next order lagi",Azarine 2 Pcs Paket Barrier Moisturizer Series with Serum 30g,bintang 5,A***f,2024-01-23
"tipe kulitku kering,  cocok, ringan dipakai, no white cast, cepat meresap, tidak bikin muka kilang"" minyak",Azarine Cicamide Barrier Sunscreen Moisturiser SPF35 PA+++ 40ml,bintang 5,A***y,2024-01-23
sunscreen favorit akuh. repurchase berkali2 tipe kulitku normal,[GEL] Azarine Hydrashoothe Sunscreen Gel SPF45++++ 50ml,bintang 5,vitria,2024-01-23
tipe kulitku kering,Azarine Cicamide Barrier Sunscreen Moisturiser SPF35 PA+++ 40ml,bintang 5,salsa,2024-01-23
tipe kulitku kombinasi,Azarine Retinol Smooth Glowing Serum 20ml,bintang 5,G***d,2024-01-23
"Cocok banget di kulitku yg oily, seenak itu",Azarine Oil Free Brightening Daily Moisturizer,bintang 5,A***i,2024-01-23
tipe kulitku berminyak,Azarine Hydramax-C Sunscreen Serum SPF 50 PA++++ 40 ml,bintang 5,Renny,2024-01-23
mudah2an cocok,Azarine AHA-BHA-PHA Peeling Serum 20ml,bintang 5,munjiah,2024-01-23
Pengiriman lama,[Twin Pack] Azarine Hydramax-C Sunscreen Serum SPF50 PA++++ 40ml,bintang 4,M***a,2024-01-23
exp panjang. Thx,[TWINPACK] Azarine Calm My Acne Sunscreen Moisturiser SPF35 PA+++ 40ml,bintang 5,Cindy,2024-01-23
cocok di aku gess tipe kulitku berminyak,[GEL] Azarine Hydrashoothe Sunscreen Gel SPF45++++ 50ml,bintang 5,C***a,2024-01-23
Baguss,[Twin Pack] Azarine Hydramax-C Sunscreen Serum SPF50 PA++++ 40ml,bintang 5,B***a,2024-01-23
"diterima dalam kondisi baik
semoga cocok",[GEL] Azarine Hydrashoothe Sunscreen Gel SPF45++++ 50ml,bintang 5,Alvina,2024-01-23
"barang original dan pengiriman cepat, semoga cocok karena baru pertama kali coba",Azarine Pore & Oily Skin Treatment Series (3x20ml),bintang 5,D***n,2024-01-23
"barang aman, pemakaian pertama kali semoga cocok",Azarine Calming Skin Pair Serum 20ml,bintang 5,W***a,2024-01-23
No review found,Azarine Cicamide Barrier Sunscreen Moisturiser SPF35 PA+++ 40ml,bintang 5,W***a,2024-01-23
"pemakaian pertama kali oke, semoga cocok biar gk gonta ganti lagi :')",Azarine AHA-BHA-PHA Peeling Serum 20ml,bintang 5,W***a,2024-01-23
"sudah repeat order yg kesekian kali nya, dapet potongan harga + diakon sampe 30 rb jadi berasa bayar 2 produk hehe + cashback 10 rb, sering2 pantengin promo & flash sale aja, thanks good luck",Azarine Cicamide Barrier Sunscreen Moisturiser SPF35 PA+++ 40ml,bintang 5,Arry,2024-01-23
"tipe kulitku kering, berjerawat, dan jerawatan",Azarine Calm My Acne Sunscreen Moisturiser SPF35 PA+++ 40ml,bintang 4,D***a,2024-01-23
"produknya oke, ga usah ditanya lah ya kualitasnya. tp pengiriman cenderung lama, bs jd krn sy order akhir tahun ya jd kepotong banyak libur",[Twin Pack Gel] Azarine Hydrasoothe Sunscreen Gel SPF45 PA++++ 50ml,bintang 5,F***a,2024-01-23
bahannya ringan langsung nyerap ke kulit..teksturnya agak kental tpi g yg berat gt...,AZARINE TONER 90ml,bintang 5,Puthri,2024-01-23
"gampang terserap
ringan
no whitecast",Azarine Hydramax-C Sunscreen Serum SPF 50 PA++++ 40 ml,bintang 5,A***i,2024-01-23
tipe kulitku berminyak tipe kulitku sensitif masalah kulitku jerawat,[TWINPACK] Azarine Calm My Acne Sunscreen Moisturiser SPF35 PA+++ 40ml,bintang 5,gita,2024-01-23
sun screen azarine mah terbukti juara buat kulit berminyak.,Azarine Bright Protection Kit,bintang 5,I***a,2024-01-23
suka banget sama liptint azarine yg warna ini karna bikin muka jadi keliatan fresh dan liptintnya wangi. isinya juga banyakkk,[Azarine x Red Velvet] Tinted Lippie Cake Lip Tint 2.9ml,bintang 5,Rafika,2024-01-23
baru mau coba sunscreen ini semoga cocokk. pengirimannya cepat dan aman,Azarine Calm My Acne Sunscreen Moisturiser SPF35 PA+++ 40ml,bintang 5,Rafika,2024-01-23
"kenapa ya ga baca pesanan saya ,saya pesen dua kok dateng satu",[Twin Pack Gel] Azarine Hydrasoothe Sunscreen Gel SPF45 PA++++ 50ml,bintang 1,Nasywa,2024-01-23
tipe kulitku kombinasi,[GEL] Azarine Hydrashoothe Sunscreen Gel SPF45++++ 50ml,bintang 4,Kharisma,2024-01-23
"Packing tebal aman, pengiriman cepat, produk lebih murah dari di toko offline
So far pake micellar ini sangat ringan
Cocok utk kulit sensitif
Meski utk mengangkat kotoran hrs dilakukan berulang tp gpp namanya jg murah xixi",Azarine Micellar Water 90 ml,bintang 5,T***s,2024-01-23
"tipe kulitku kombinasi tipe kulitku sensitif masalah kulitku kerutan masalah kulitku pori besar
semoga cocok.. krna pake produk azarine yg lain cocok2 aja sih..",Azarine Pore Tightening & Oil Control Moist Serum 20 ml,bintang 5,tri,2024-01-23
"tipe kulitku kombinasi tipe kulitku sensitif
pake ini kulit brasa lebih bersih aja.. komedo jga jdi gk gtu kliatan.. enakan deh.. cocok selalu pake produk azarine.. cuma aku gak tau yg bikin komedo ini sunscreennya atau bukan ya",Azarine AHA-BHA-PHA Peeling Serum 20ml,bintang 5,tri,2024-01-23
Good,[TRIPLEPACK] Azarine Calm My Acne Sunscreen Moisturiser SPF35 PA+++ 40,bintang 5,G***h,2024-01-23
Good,[Twin Pack Gel] Azarine Hydrasoothe Sunscreen Gel SPF45 PA++++ 50ml,bintang 5,G***h,2024-01-23
Good,Azarine Oil Free Brightening Daily Moisturizer,bintang 5,G***h,2024-01-23
"Barangnya sampai dengan selamat dan sesuai. Packagingnya Free bubble. Akhirnya menemukan SS yg sesuai sama kulitku. Karena kulitku itu, mudah berjerawat, sensitif, kering gampang dermatitis juga jadi bingung mau pilih Physical  atau Chemical SS.  Apalagi akhir-akhir ini pakai 4 salep setiap harinya. SALEP KERAS dari dr. Jadi, gimana ngga makin trust issue apalagi desas desus Chemical SS kurang di anjurkan untuk pemilik kulit sensitif. Modal niat dan review FD apk akhirnya aku CO. Akhirnya COCOK !!! ngga iritasi, komedoan ataupun nambah jerawat. Dia benar-benar bagus buat sensitive dry skin, berasa lembap nya. Bakal nyetok sih apalagi kalau di TokPed banyak diskon. Semoga Konsisten terus buat Azarine, Terimakasih â¤ï¸ðŸ¥°ðŸ™ðŸ»",Azarine Hydramax-C Sunscreen Serum SPF 50 PA++++ 40 ml,bintang 5,E***a,2024-01-23
tipe kulitku normal,Azarine Hydramax-C Sunscreen Serum SPF 50 PA++++ 40 ml,bintang 5,L***h,2024-01-23
No review found,Azarine Brightening C-Glow Serum 20ml,bintang 5,Tzaskiyatu,2024-01-23
tipe kulitku kombinasi,Azarine 2 Pcs Paket Barrier Moisturizer Series with Serum 30g,bintang 5,o***v,2024-01-23
Terima kasih,[TWINPACK] Azarine Calm My Acne Sunscreen Moisturiser SPF35 PA+++ 40ml,bintang 5,Lusiana,2024-01-23
"pengiriman cepat dan packing sangat aman. 
selalu beli sunscreennya karena emang cocok. untuk moisturizernya baru coba. terimakasih seller!",Azarine Barrier Moisturizer Series Pelembab Wajah Cream Gel Moist 30g,bintang 5,M***a,2024-01-23
"pengiriman cepat dan packing sangat aman. 
selalu beli sunscreennya karena emang cocok. untuk moisturizernya baru coba. terimakasih seller!",[Twin Pack Gel] Azarine Hydrasoothe Sunscreen Gel SPF45 PA++++ 50ml,bintang 5,M***a,2024-01-23
Mendarat dengan sempurnaaa,[GEL] Azarine Hydrashoothe Sunscreen Gel SPF45++++ 50ml,bintang 5,Melinda,2024-01-23
"Bagusss bangett
Sampai dengan selamatt",Azarine Active Bright - Brightening Creamy Facial Foam 50gr,bintang 5,Melinda,2024-01-23
No review found,Azarine Acne Gentle Cleansing Foam,bintang 5,S***S,2024-01-23
"tipe kulitku berminyak mudahÂ²an cocok seperti revieuw orgÂ² & seperti serum vit.c & retinolnya yg cocok dikulit saya.. 
klo cocok bakal repeat order lagi..",Azarine Barrier Moisturizer Series Pelembab Wajah Cream Gel Moist 30g,bintang 5,F***h,2024-01-23
"sesuai klaimnya, no whitecast. 
pas pake sunscreen ini beneran ada rasa dingin2nya di wajah, gampang diaplikasiin, & bikin matte di wajah. cocok pake sunscreen ini, pertama kali coba lgsg klop. jadi, repurchase~

pengemasan & pengiriman: cepat & aman",[Twin Pack Gel] Azarine Hydrasoothe Sunscreen Gel SPF45 PA++++ 50ml,bintang 5,R***a,2024-01-23
"tipe kulit: combination (normal to oily)
beli toner ini buat bantu ngilangin kusam di wajah & it works. jadi repurchase. selain bantu ngilangin kusam jg bikin kulit wajah jadi lembab. dipake setelah micellar & fw

pengemasan & pengiriman: cepat & aman",AZARINE TONER 90ml,bintang 5,R***a,2024-01-23
ringan bgt dibibir lup lup dh bwt azarine ðŸ«¶ðŸ«¶ðŸ«¶,[Azarine x Red Velvet] Tinted Lippie Cake Lip Tint 2.9ml,bintang 5,y***n,2024-01-23
saya beli sunscreen gel twin pack gel tapi yang di kirim cuma 1pcs harusnya kan saya dapat 2pcs. saat di komplen juga pihak penjual malah meminta untuk di batalkan komplen dan akan di proses secara manual sedangkan saya merasa tidak percaya barang akan di kirim. saya meminta barang di kirim dulu baru saya batalkan complen tp pihak penjual tidak mau.  dan sekarang barang yg kurang tidak di kirim dana juga tidak di kembalikan,[Twin Pack Gel] Azarine Hydrasoothe Sunscreen Gel SPF45 PA++++ 50ml,bintang 1,A***k,2024-01-23
tipe kulitku normal,Azarine Brightening C-Glow Serum 20ml,bintang 4,dwi,2024-01-23
tipe kulitku kombinasi,[GEL] Azarine Hydrashoothe Sunscreen Gel SPF45++++ 50ml,bintang 5,K***a,2024-01-23
tipe kulitku berminyak barang original tp untuk bagian pengiriman nya agak lama,Azarine Cicamide Barrier Sunscreen Moisturiser SPF35 PA+++ 40ml,bintang 5,Ceppy,2024-01-23
tipe kulitku kombinasi cenderung kering di aku enak sih dicoba,Azarine Moisturizer Advanced Youth & Serum Retinol Complex [2 PCS],bintang 5,A***i,2024-01-23
liptint nya udah sampe dengan aman... packaging + warna nya lucuuu dan cakepp bangettt ada wangi nya jugaaa kebetulan lg ada voc diskon dri tokped jadi langsung beliðŸ’–,[Azarine x Red Velvet] Tinted Lippie Cake Lip Tint 2.9ml,bintang 5,s***a,2024-01-23
Teksturenya ringan & cocok dengan kulitku,[GEL] Azarine Hydrashoothe Sunscreen Gel SPF45++++ 50ml,bintang 5,Tianie,2024-01-23
tipe kulitku normal,[Twin Pack] Azarine Hydramax-C Sunscreen Serum SPF50 PA++++ 40ml,bintang 5,Y***a,2024-01-23
tipe kulitku berminyak tipe kulitku normal tipe kulitku kombinasi,[GEL] Azarine Hydrashoothe Sunscreen Gel SPF45++++ 50ml,bintang 5,Ghina,2024-01-23
No review found,[Twin Pack Gel] Azarine Hydrasoothe Sunscreen Gel SPF45 PA++++ 50ml,bintang 5,R***y,2024-01-23
tipe kulitku berminyak,[Twin Pack] Azarine Tone Up Mineral Sunscreen Serum SPF50 PA++++ 27ml,bintang 5,C***y,2024-01-23
tipe kulitku berminyak tipe kulitku kombinasi masalah kulitku pori besar masalah kulitku jerawat,[TWINPACK] Azarine Cicamide Barrier Sunscreen Moisturiser SPF35 PA+++,bintang 5,puji,2024-01-23
"Belum dibuka kardusnya udah kecium wangi, entah krn ini/produk lain. Semua bagus, tapi packing cukup disayangkan krn produk ga dikasih wrap/seenggaknya lakban untuk mencegah kebocoran.",[CLEARANCE SALE] Azarine CBD Ampoule Bubble Me Primer Makeup Hair Spa,bintang 4,S***i,2024-01-23
"Belum dibuka kardusnya udah kecium wangi, entah krn ini/produk lain. Semua bagus, tapi packing cukup disayangkan krn produk ga dikasih wrap/seenggaknya lakban untuk mencegah kebocoran.

Semoga pakai produk ini cocok.",Azarine Acne Gentle Cleansing Foam,bintang 4,S***i,2024-01-23
No review found,Azarine Sunscreen Gel SPF45 PA++++ & Vitamin C 10% / Niacinamide 10%,bintang 1,s***n,2024-01-23
No review found,[CLEARANCE SALE] Azarine Twin Pack Sunscreen Mist Micellar Serum 2pcs,bintang 1,s***n,2024-01-23
tipe kulitku normal,Azarine Hydramax-C Sunscreen Serum SPF 50 PA++++ 40 ml,bintang 5,Zelda,2024-01-23
"udh pakai 3 tube sunscreen ini sejauh ini oke"" aja buat kulit bejerawat",Azarine Calm My Acne Sunscreen Moisturiser SPF35 PA+++ 40ml,bintang 5,Fionny,2024-01-23
packaging oke cmn kardus agak sdkt bonyok aja tp brng aman karna pakai bubble warp... bikin tangan n kaki lembap kalau dipakai pagi hari apalagi kerja diruang ber ac... overall baguss,Azarine Body Guard Moisturizer Sunscreen Serum 100ml,bintang 5,Fionny,2024-01-23
tipe kulitku normal tipe kulitku berminyak masalah kulitku jerawat tipe kulitku sensitif tipe kulitku kering masalah kulitku kerutan masalah kulitku pori besar tipe kulitku kombinasi,Azarine Body Guard Moisturizer Sunscreen Serum 100ml,bintang 5,HERRY,2024-01-23
tipe kulitku normal tipe kulitku berminyak masalah kulitku jerawat tipe kulitku sensitif tipe kulitku kering masalah kulitku kerutan masalah kulitku pori besar tipe kulitku kombinasi,[TWINPACK] Azarine Calm My Acne Sunscreen Moisturiser SPF35 PA+++ 40ml,bintang 5,HERRY,2024-01-23
"fine sm produknya krna emg langganan produk azarine, tp pengirimannya sgt bermasalah, baru sampai setelah 2 minggu (dom jak-sel)",Azarine Calm My Acne Sunscreen Moisturiser SPF35 PA+++ 40ml,bintang 1,k***a,2024-01-23
"fine sm produknya krna emg langganan produk azarine, tp pengirimannya sgt bermasalah, baru sampai setelah 2 minggu (dom jak-sel)",Azarine Barrier Moisturizer Series Pelembab Wajah Cream Gel Moist 30g,bintang 1,k***a,2024-01-23
masalah kulitku pori besar masalah kulitku kerutan tipe kulitku sensitif,Azarine Moisturizer Advanced Youth & Serum Retinol Complex [2 PCS],bintang 5,M***m,2024-01-23
masalah kulitku jerawat,Azarine Calm My Acne Sunscreen Moisturiser SPF35 PA+++ 40ml,bintang 5,a***s,2024-01-23
tipe kulitku kombinasi,Azarine Sunscreen Gel SPF45 PA++++ & Vitamin C 10% / Niacinamide 10%,bintang 5,E***n,2024-01-23
No review found,Azarine Pore Tightening & Oil Control Moist Serum 20 ml,bintang 5,E***i,2024-01-23
No review found,[Azarine x Marvel] Vitamin C 10% + Diamond Booster Serum 20ml,bintang 5,E***i,2024-01-23
"micellarnya bagus, gabikin perih juga pas dipake",Azarine Micellar Water 90 ml,bintang 5,Audri,2024-01-23
"sunscreennya bagus, ga lengket juga, dan cocok bgtt untuk kulit berjerawat",[GEL] Azarine Hydrashoothe Sunscreen Gel SPF45++++ 50ml,bintang 5,Audri,2024-01-23
"kualitas oke, sesuai dngn foto di produk",Azarine Body Guard Moisturizer Sunscreen Serum 100ml,bintang 5,A***i,2024-01-23
"kualitas bagus, tekstur gel
mumpung dpt 2, harga fs+cb beli dehðŸ˜
pengemasannya menggunakan kardus diisolasi, exp 2027",[Twin Pack Gel] Azarine Hydrasoothe Sunscreen Gel SPF45 PA++++ 50ml,bintang 5,i***a,2024-01-23
"produk original, variasi sesuai pesanan, expired date msh lama
warnanya cantik banget + stainnya juara
thank you ðŸ«°ðŸ»",[Azarine x Red Velvet] Perfect Ombre Lips Kit,bintang 5,E***e,2024-01-23
"tipe kulitku berminyak. aman dan nyaman untuk kulit yang berminyak, cocokÂ² aja. beli di official store dijamin asli",[TWINPACK] Azarine Cicamide Barrier Sunscreen Moisturiser SPF35 PA+++,bintang 5,D***g,2024-01-23
"Pengiriman sangat cepat, baru coba azarine semoga cocok",Azarine Hydramax-C Sunscreen Serum SPF 50 PA++++ 40 ml,bintang 5,D***i,2024-01-23
"Pengiriman sangat cepat, baru coba azarine semoga cocok",Azarine Barrier Moisturizer Series Pelembab Wajah Cream Gel Moist 30g,bintang 5,D***i,2024-01-23
"tipe kulitku kombinasi. setelah pakai ss ini hampir seminggu, yang aku rasakan tuh sering gatel diarea hidung dan alis, gatelnya tuh yang kayak perih. mungkin kalo kulit lagi sensi ga bakal aku pake. 
teksturnya cream , tapi cepet ngebland  dan ga bikin white cast yang abu abu gitu dikulit medium.
poinnya 3/5 dari aku mah",[Twin Pack] Azarine Tone Up Mineral Sunscreen Serum SPF50 PA++++ 27ml,bintang 5,s***h,2024-01-23
"tipe kulitku berminyak dan masalah kulitku lebih sering bruntusan, sejauh ini pake moist yang ini nyaman dan cocok. Terima kasih ðŸ‘",Azarine Barrier Moisturizer Series Pelembab Wajah Cream Gel Moist 30g,bintang 5,u***i,2024-01-23
"Barang telah sampai di tempat dengan aman. Sesuai pesanan, meski belum dicoba. mudah2an sesuai dengan kebutuhan.",Azarine Ultralight Hydraglow Day Cream SPF 30 PA+++ C White 25gr,bintang 4,Erik,2024-01-23
"pengiriman cepet bgt, packing aman ðŸ«¶ðŸ»",Azarine Calm My Acne Sunscreen Moisturiser SPF35 PA+++ 40ml,bintang 5,r***a,2024-01-23
"Barang telah sampai di tempat dengan aman. Sesuai pesanan, meski belum dicoba. mudah2an sesuai dengan kebutuhan.",Azarine Acne Gentle Cleansing Foam,bintang 4,Erik,2024-01-23
cucoookkkk bangett,[TWINPACK] Azarine Calm My Acne Sunscreen Moisturiser SPF35 PA+++ 40ml,bintang 5,R***a,2024-01-23
No review found,Azarine Active Bright - Brightening Night Moisturiser 20gr,bintang 5,S***m,2024-01-23
Bagus untuk kulit berminyak dan harga murah.,[TWINPACK] Azarine Calm My Acne Sunscreen Moisturiser SPF35 PA+++ 40ml,bintang 5,D***i,2024-01-23
"kecepatan pengiriman baik, produk aman dan exp masih 012027. terima kasih tipe kulitku normal",[GEL] Azarine Hydrashoothe Sunscreen Gel SPF45++++ 50ml,bintang 5,S,2024-01-23
"beli 2 yg dikirim 1, lupa ambil video unboxing jadi gabisa claim",[GEL] Azarine Hydrashoothe Sunscreen Gel SPF45++++ 50ml,bintang 3,Alfan,2024-01-23
"sll the best n cocok d wajahku. lov azarine ðŸ¥°ðŸ¥°ðŸ˜. buktikan aja sndr wokey... 

sll langganan beli d sini. pelayanan nya the best besttttttt dah... ðŸ˜‰ðŸ˜‰",Azarine Revitalizing Anti Aging Serum 20ml,bintang 5,A***u,2024-01-23
No review found,[Twin Pack Gel] Azarine Hydrasoothe Sunscreen Gel SPF45 PA++++ 50ml,bintang 5,R***a,2024-01-23
tipe kulitku kombinasi tipe kulitku sensitif,[Combo Protection] Azarine Sunscreen Gel + Body Guard Sunscreen Serum,bintang 5,S***i,2024-01-23
tipe kulitku normal,[GEL] Azarine Hydrashoothe Sunscreen Gel SPF45++++ 50ml,bintang 5,N***u,2024-01-23
realpict sukses selalu seller,[Twin Pack] Azarine Hydramax-C Sunscreen Serum SPF50 PA++++ 40ml,bintang 5,N***l,2024-01-23
semoga cocokðŸ˜‰ðŸ˜Š,Azarine Barrier Moisturizer Series Pelembab Wajah Cream Gel Moist 30g,bintang 5,fransisca,2024-01-23
tipe kulitku berminyak,Azarine OH MY GUARD! Sunscreen Bundle 2 | GEL - MIST,bintang 5,A***a,2024-01-23
mantap,[Azarine x Red Velvet] Tinted Lippie Cake Lip Tint 2.9ml,bintang 5,E***a,2024-01-23
No review found,[Twin Pack Gel] Azarine Hydrasoothe Sunscreen Gel SPF45 PA++++ 50ml,bintang 1,k***h,2024-01-23
tipe kulitku kombinasi,Azarine Active Bright Series Treatment,bintang 5,mila,2024-01-23
"Nyaman belanja di sini, krn official store jadi pasti ori dan exp date masih lama, 2027. Seller fast respond, pengiriman cepet, packing rapi dan aman, recommended seller ðŸ‘ðŸ» terimakasih",[GEL] Azarine Hydrashoothe Sunscreen Gel SPF45++++ 50ml,bintang 5,V***g,2024-01-23
beli twin pack yang dikirim cuma 1,[Twin Pack Gel] Azarine Hydrasoothe Sunscreen Gel SPF45 PA++++ 50ml,bintang 1,Ignatius,2024-01-23
"smuaa ok, cuma ky nya kulitku yg ga cocok sm sunscreennya. ngerasa lengket bgt makenya ðŸ™ðŸ¼ðŸ¥¹ so sorry",Azarine Hydramax-C Sunscreen Serum SPF 50 PA++++ 40 ml,bintang 3,N***a,2024-01-23
"wangi nya enak
semoga cocok",Azarine Body Lotion Barrrier Glow 100ml Lotion Kulit Glowing,bintang 5,N***h,2024-01-23
halus bgt rambutku pakai ini dan mudah dibilasnya. semoga rambut g rontok lagi,Azarine Hair Spa Aloevera 200 gr,bintang 5,N***h,2024-01-23
semoga cocok baru mau nyoba,Azarine Brightening C-Glow Serum 20ml,bintang 5,N***h,2024-01-23
semoga cocok dg kulitku,Azarine Active Bright - Brightening Night Moisturiser 20gr,bintang 5,N***h,2024-01-23
tipe kulitku kering,Azarine Brightening Facial Cleanser 60 Ml,bintang 5,N***h,2024-01-23
tipe kulitku normal. semoga cocok,Azarine Revitalizing Anti Aging Serum 20ml,bintang 5,N***h,2024-01-23
tipe kulitku normal. semoga cocok. udah dipakai ringan dan meresap,Azarine Active Bright - Brightening Day Moisturiser SPF 25++ 20gr,bintang 5,N***h,2024-01-23
masih belum coba moga aja cocok,Azarine Micellar Water 90 ml,bintang 4,Puspita,2024-01-23
tipe kulitku berminyak,[CLEARANCE SALE] Azarine CBD Ampoule Bubble Me Primer Makeup Hair Spa,bintang 5,D***i,2024-01-23
"Alhamdulillah MasyaAllah bangeeet Nemu azarine, karna ini produk beneran secocok itu sama semua produk azarine masyaallahðŸ¥°ðŸ’›ðŸ’›tipe kulitku berminyak tipe kulitku sensitif tipe kulitku kombinasi",Azarine Brightening Facial Cleanser 60 Ml,bintang 5,Risna,2024-01-23
"enak banget dipakek, gak bikin kering bibir. pengiriman cepat, keamanan barang dijamin. pokoknya rekomen banget deh",[Azarine x Red Velvet] Tinted Lippie Cake Lip Tint 2.9ml,bintang 5,a***h,2024-01-23
cocok buat kulit ane yg oily dan bisa hempaskan jerawat,Azarine Barrier Moisturizer Series Pelembab Wajah Cream Gel Moist 30g,bintang 5,S***o,2024-01-23
tipe kulitku berminyak masalah kulitku pori besar,Azarine OH MY GUARD! Sunscreen Bundle 2 | GEL - MIST,bintang 5,Ashare,2024-01-23
"baru pertama coba semoga cocok, pengemasan cepat dan aman, pengiriman cepat",Azarine Barrier Moisturizer Series Pelembab Wajah Cream Gel Moist 30g,bintang 5,b***a,2024-01-23
"produk bagus, cepat menyerap, pengemasan cepat dan aman, pengiriman cepat",Azarine Hydramax-C Sunscreen Serum SPF 50 PA++++ 40 ml,bintang 5,b***a,2024-01-23
tipe kulitku berminyak masalah kulitku jerawat,Azarine Calm My Acne Sunscreen Moisturiser SPF35 PA+++ 40ml,bintang 5,Aisya,2024-01-23
Terbaik emang azarine official storeâ€¦,Azarine Acne Spot Serum 20ml,bintang 5,M***a,2024-01-23
order twinoack yang dateng satu doang. dikomplain tetep gabisa ada solusinya. bikin kapok,[Twin Pack Gel] Azarine Hydrasoothe Sunscreen Gel SPF45 PA++++ 50ml,bintang 1,Lili,2024-01-23
tipe kulitku berminyak,[GEL] Azarine Hydrashoothe Sunscreen Gel SPF45++++ 50ml,bintang 5,Larasutami,2024-01-23
bahan ringan. smg cocok,Azarine Calm My Acne Sunscreen Moisturiser SPF35 PA+++ 40ml,bintang 5,r***a,2024-01-23
tipe kulitku berminyak,Azarine Barrier Moisturizer Series Pelembab Wajah Cream Gel Moist 30g,bintang 5,e***o,2024-01-23
tipe kulitku berminyak,[CLEARANCE SALE] Azarine CBD Ampoule Bubble Me Primer Makeup Hair Spa,bintang 5,e***o,2024-01-23
No review found,[GEL] Azarine Hydrashoothe Sunscreen Gel SPF45++++ 50ml,bintang 5,e***o,2024-01-23
tipe kulitku kombinasi masalah kulitku jerawat masalah kulitku pori besar tipe kulitku sensitif,AZARINE TONER 90ml,bintang 4,c***a,2024-01-23
No review found,Azarine Active Bright - Brightening Creamy Facial Foam 50gr,bintang 5,A***a,2024-01-23
"tipe kulitku normal tipe kulitku kering, packingnya safety banget, dtgnya cepet, udh jar ke 4 jd udh nyaman aja,, recomended",Azarine Barrier Moisturizer Series Pelembab Wajah Cream Gel Moist 30g,bintang 5,f***h,2024-01-23
tipe kulitku kombinasi,Azarine Barrier Moisturizer Series Pelembab Wajah Cream Gel Moist 30g,bintang 5,Y***s,2024-01-23
tipe kulitku berminyak tipe kulitku kering tipe kulitku normal tipe kulitku sensitif under tone kulitku warm tipe kulitku kombinasi under tone kulitku netral under tone kulitku cool,[CLEARANCE SALE] Azarine CBD Ampoule Bubble Me Primer Makeup Hair Spa,bintang 5,ariella,2024-01-23
"murah banget, btw ini dikirim buat ade ya jadi gak ada fotonya, makasih",[Twin Pack Gel] Azarine Hydrasoothe Sunscreen Gel SPF45 PA++++ 50ml,bintang 5,A***u,2024-01-23
masalah kulitku pori besar tipe kulitku kombinasi tipe kulitku normal,[TRIPLEPACK] Azarine Cicamide Barrier Sunscreen Moisturiser SPF35 PA++,bintang 5,Adi,2024-01-23
"tipe kulitku kering, lumayan enak ga terlalu berat diwajah setelah make moist. terus ada efek tone up nya juga omagaa, untuk efek mencerahkan nya pas rutin pemakaian yaa",Azarine Bright Protection Kit,bintang 5,M***a,2024-01-23
sesuai deskripsi,[Twin Pack Gel] Azarine Hydrasoothe Sunscreen Gel SPF45 PA++++ 50ml,bintang 5,Octavianus,2024-01-16
tipe kulitku berminyak masalah kulitku pori besar masalah kulitku jerawat,Azarine Brightening C-Glow Serum 20ml,bintang 5,Mega,2024-01-16
tipe kulitku berminyak masalah kulitku jerawat masalah kulitku pori besar,Azarine Barrier Moisturizer Series Pelembab Wajah Cream Gel Moist 30g,bintang 5,A***i,2024-01-16
tipe kulitku berminyak,Azarine Calm My Acne Sunscreen Moisturiser SPF35 PA+++ 40ml,bintang 5,A***i,2024-01-16
yaeaayy dpt 2 harga murmer,[Twin Pack] Azarine Hydramax-C Sunscreen Serum SPF50 PA++++ 40ml,bintang 5,ratnah,2024-01-16
tipe kulitku berminyak,Azarine Calm My Acne Sunscreen Moisturiser SPF35 PA+++ 40ml,bintang 5,Duantra,2024-01-16
"Makasih banyak cocok banget sabunnya gabikin kering tapi bersihh. Packing aman dan sampai selamat, thanks azarineðŸ’š",Azarine Acne Gentle Cleansing Foam,bintang 5,Annisa,2024-01-16
"Baru pertama coba, dan udah dipake beberapa hari, sunscreennya bagus banget cocok buat acne face kuu! ga lengket sama sekaliðŸ’š",Azarine Calm My Acne Sunscreen Moisturiser SPF35 PA+++ 40ml,bintang 5,Annisa,2024-01-16
"love banget makasih azarine, tadinya beli karena dapet pc tapi ternyata emang bagus banget velvety lippie cream nyaa, dan walau ga cocok warm tone ,ini bagus banget di akuuðŸ¥°",[Azarine x Red Velvet] Velvety Lippie Cream Velvet Bundling [4x3.2ml],bintang 5,Annisa,2024-01-16
Pertama kali coba elum tau si,Azarine AHA-BHA-PHA Peeling Serum 20ml,bintang 5,A***z,2024-01-16
Seperti sunscreen pada umunya si,Azarine Tone Up Mineral Sunscreen Serum SPF50 PA++++ 27ml,bintang 5,A***z,2024-01-16
tipe kulitku normal masalah kulitku pori besar,Azarine Moisturizer Advanced Youth & Serum Retinol Complex [2 PCS],bintang 5,mala,2024-01-16
cocok untuk tipe kulit kombinasi,Azarine Barrier Moisturizer Series Pelembab Wajah Cream Gel Moist 30g,bintang 5,A***e,2024-01-16
"cocok d kulit ku yang berminyak dh beli yang kesekian kalinya,ini pas banget lagi diskon gede jd gasss deh co",[GEL] Azarine Hydrashoothe Sunscreen Gel SPF45++++ 50ml,bintang 5,UUT,2024-01-16
tdk bikin kering tp g bkn lbh lembab jg mksdny g ky pk lipbalm.warnany jd agak pink orange d bibir. bibir atas yg gelap g begitu ketutup sih  tp ada warna pink2ny. pengiriman cepat dan bentuknya lucu ukuran pas utk dbawa d tas,[Twin pack] Azarine Magic Colour Lip Serum 3.5ml [2x3.5ml] Lip Balm,bintang 5,asrina,2024-01-16
Belum dicoba semoga cocok untuk kulit saya yg sudah berumur 50 an,Azarine Tone Up Mineral Sunscreen Serum SPF50 PA++++ 27ml,bintang 5,Lenna,2024-01-16
gak sebesar yang di gambar ya.. kecil banget isi nya kayak 50 ml haha,Azarine Micellar Water 90 ml,bintang 5,ilona,2024-01-16
andalan banget perlindungan utama nih,Azarine Cicamide Barrier Sunscreen Moisturiser SPF35 PA+++ 40ml,bintang 5,ilona,2024-01-16
pokoknya puas nyampe cepet banget gila,Azarine Radiant Luminous Serum 20ml,bintang 5,ilona,2024-01-16
"semoga cocok dan dapat harga lumayan lah. kalau suka, beli lagi.",Azarine Body Guard Moisturizer Sunscreen Serum 100ml,bintang 5,A***a,2024-01-16
barang sesuai pesanan,Azarine Acne Gentle Cleansing Foam,bintang 5,Firman,2024-01-16
barang sesuai pesanan... packing aman... trimakasihðŸ‘Œ,Azarine Brightening C-Glow Serum 20ml,bintang 5,Firman,2024-01-16
baru nyoba belum bisa berkomentar,Azarine Pore Tightening & Oil Control Moist Serum 20 ml,bintang 4,puji,2024-01-16
cocok untuk yg normal to oily jd g gampang berminyak.. tp tetep yg juara yg spf 45 nya,Azarine Calm My Acne Sunscreen Moisturiser SPF35 PA+++ 40ml,bintang 4,p***i,2024-01-16
cocok untuk yg normal to oily jd g gampang berminyak,Azarine Barrier Moisturizer Series Pelembab Wajah Cream Gel Moist 30g,bintang 5,p***i,2024-01-16
"Baguss, ga abu2",Azarine Tone Up Mineral Sunscreen Serum SPF50 PA++++ 27ml,bintang 5,I***n,2024-01-16
Bgs,Azarine Retinol Smooth Glowing Serum 20ml,bintang 5,Rizky,2024-01-16
barang yang di kirim kurang 1 pcs,[Twin Pack Gel] Azarine Hydrasoothe Sunscreen Gel SPF45 PA++++ 50ml,bintang 1,Solehudin,2024-01-16
No review found,[Twin Pack Gel] Azarine Hydrasoothe Sunscreen Gel SPF45 PA++++ 50ml,bintang 5,J***r,2024-01-16
bagus,Azarine Hydramax-C Sunscreen Serum SPF 50 PA++++ 40 ml,bintang 5,Adeliaa,2024-01-16
barang yang dibeli 4 tp cuma dikirim 2. Ga bs komplain krn ga ada video unboxing. so hati2 guys,[Twin Pack Gel] Azarine Hydrasoothe Sunscreen Gel SPF45 PA++++ 50ml,bintang 1,V***a,2024-01-16
good,[TRIPLEPACK] Azarine Cicamide Barrier Sunscreen Moisturiser SPF35 PA++,bintang 5,p***a,2024-01-16
tipe kulitku berminyak tipe kulitku sensitif masalah kulitku jerawat masalah kulitku pori besar tipe kulitku kombinasi,Azarine Oil Free Brightening Daily Moisturizer,bintang 5,Z***a,2024-01-16
"tipe kulitku berminyak
alhamdulillah cocok dikulit.. next repeat order, seringÂ² promo ya min",[CLEARANCE SALE] Azarine Twin Pack Sunscreen Mist Micellar Serum 2pcs,bintang 5,F***h,2024-01-16
No review found,[GEL] Azarine Hydrashoothe Sunscreen Gel SPF45++++ 50ml,bintang 5,siti,2024-01-16
"kmrn bli twinpack dan dikrm hy 1pc, tp uda dikrm kekurangannya olh azarine, tq.",[Twin Pack Gel] Azarine Hydrasoothe Sunscreen Gel SPF45 PA++++ 50ml,bintang 5,r***i,2024-01-16
"paket sudah sampai packing aman...

tekstur cair..mudah di blend dan cepat meresap",[TWINPACK] Azarine Cicamide Barrier Sunscreen Moisturiser SPF35 PA+++,bintang 5,Fitria,2024-01-16
Lumayan cocok buat kulitku yg sering jerawatan di bagian T zone,[Twin Pack] Azarine Barrier Moisturizer Series Pelembab Wajah [2x30g],bintang 5,S***a,2024-01-16
alhamdulikah udha dateng...cocok..jdi repurchase lgi.lngsung beli 2 buat atok tipe kulitku kombinasi,[TWINPACK] Azarine Calm My Acne Sunscreen Moisturiser SPF35 PA+++ 40ml,bintang 5,t***a,2024-01-16
tipe kulitku kombinasi,Azarine Acne Combo Kit,bintang 5,Shabrina,2024-01-16
"tipe kulitku kombinasi, hasil akhirnya matte juga ga lengket dan pas awal pakai lumayan lembab",Azarine Cicamide Barrier Sunscreen Moisturiser SPF35 PA+++ 40ml,bintang 5,A***a,2024-01-16
"keren banget, dapet harga 60 an. 2 pcs. sering sering deh toped ngasih diskon <3
kalau produk azarine mah, gausah ditanya. pastika mantulity bangett. lope sekebon",[Azarine x Red Velvet] Perfect Ombre Lips Kit,bintang 5,della,2024-01-16
tipe kulitku berminyak masalah kulitku jerawat masalah kulitku pori besar,Azarine Calm My Acne Sunscreen Moisturiser SPF35 PA+++ 40ml,bintang 4,A***a,2024-01-16
masalah kulitku jerawat,Azarine Calm My Acne Sunscreen Moisturiser SPF35 PA+++ 40ml,bintang 5,N***a,2024-01-16
tipe kulitku kombinasi,Azarine Hydramax-C Sunscreen Serum SPF 50 PA++++ 40 ml,bintang 5,e***a,2024-01-16
"tipe kulitku kombinasi.. pertama kali pakai produk azarine, tidak ada reaksi negatif d kulit, bangun tidur kulit tidak kelihatan berminyak.. semoga bisa cocok. pengiriman lebih cepat sampai, kemasan jg rapi.",Azarine 2 Pcs Paket Barrier Moisturizer Series with Serum 30g,bintang 5,Nina,2024-01-16
ðŸ‘,Azarine Calm My Acne Sunscreen Moisturiser SPF35 PA+++ 40ml,bintang 5,A***n,2024-01-16
"twin pack harusnya dapat 2 pcs tapi hanya dapat 1. baru sempet buka setelah pesanan selesai, jadi nggak bisa komplain ðŸ¥²",[Twin Pack Gel] Azarine Hydrasoothe Sunscreen Gel SPF45 PA++++ 50ml,bintang 1,Maria,2024-01-16
"Cocok banget di kulit oily, ga bikin perih",Azarine Acne Gentle Cleansing Foam,bintang 5,i***s,2024-01-16
masalah kulitku jerawat,Azarine Acne Spot Serum 20ml,bintang 5,P***a,2024-01-16
masalah kulitku jerawat,Azarine Acne Combo Kit,bintang 5,P***a,2024-01-16
"cepet banget meresap jadi gk perlu nunggu lama cepet banget keringnya, gk lengket. ada sensani mint nya di wajah bikin seger
tapi sayang, setelah beberapa jam bikin berminyak tipe kulitku berminyak masalah kulitku jerawat masalah kulitku pori besar",[GEL] Azarine Hydrashoothe Sunscreen Gel SPF45++++ 50ml,bintang 5,N***a,2024-01-16
uda mirip artis korea,Azarine Barrier Moisturizer Series Pelembab Wajah Cream Gel Moist 30g,bintang 5,Dian,2024-01-16
uda mirip oppa sekarang,Azarine Hydramax-C Sunscreen Serum SPF 50 PA++++ 40 ml,bintang 5,Dian,2024-01-16
review akan di update klo sesuai dikulit,Azarine Retinol Smooth Glowing Serum 20ml,bintang 5,Lee,2024-01-16
tipe kulitku berminyak masalah kulitku pori besar,[TWINPACK] Azarine Calm My Acne Sunscreen Moisturiser SPF35 PA+++ 40ml,bintang 4,Alifia,2024-01-16
"produk diterima dengan baik dan aman
packing dengan kardus dan bubble wrap
expores produk nya masih lama
belum dicoba produknya
pengiriman lumayan cepat
respon penjual cepat
terima kasih seller dan ekspedisi",Azarine Moisturizer Advanced Youth & Serum Retinol Complex [2 PCS],bintang 5,P***r,2024-01-16
"dulu pake yg spf 35++ moisturizer udah cocok banget, skrg coba yg spf 45++ hydrashoote semoga cocok juga, exp 2027",[Twin Pack Gel] Azarine Hydrasoothe Sunscreen Gel SPF45 PA++++ 50ml,bintang 5,Dewi,2024-01-16
tipe kulitku kering,Azarine Brightening Facial Cleanser 60 Ml,bintang 5,megapuspa,2024-01-16
tipe kulitku berminyak tipe kulitku kering.,Azarine Brightening C-Glow Serum 20ml,bintang 5,megapuspa,2024-01-16
"wadahnya minii, compact, ringan dipake ke mana-mana! shadesnya cocok utk aku yg kulitnya sawo mateng",[Azarine x Red Velvet] Sweet Treats Eyeshadow [5.5 gr],bintang 5,A***u,2024-01-16
No review found,Azarine Pore Tightening & Oil Control Moist Serum 20 ml,bintang 5,I***a,2024-01-16
ðŸ‘ðŸ‘,[Twin Pack Gel] Azarine Hydrasoothe Sunscreen Gel SPF45 PA++++ 50ml,bintang 5,Cycling,2024-01-16
"tipe kulitku kering tipe kulitku normal
dtgnya cepet, packagingnya man ko bublenya tebel, udh yg ke 4 kalinya jd karna emng dah nyaman aja make ini...ehehe",AZARINE TONER 90ml,bintang 5,f***h,2024-01-16
"Udah order berkali2 biasanya aman tp kali ini kurang barangnya, mau komplain tp lupa video unboxing :( semoga lain kali lebih teliti ya packingnya

Salah satu sunscreen lokal kesayangan, worth to buyðŸ‘ðŸ¼",[Twin Pack Gel] Azarine Hydrasoothe Sunscreen Gel SPF45 PA++++ 50ml,bintang 5,R***a,2024-01-16
agak kecewa sm pengemasannya. kardusnya peyok dalemnya gak ada bubble wrap biasanya ada bubble wrap nya. untung paketnya aman,AZARINE TONER 90ml,bintang 4,L***a,2024-01-16
agak kecewa sm pengemasannya. kardusnya peyok dalemnya gak ada bubble wrap biasanya ada bubble wrap nya. untung paketnya aman,Azarine Cicamide Barrier Sunscreen Moisturiser SPF35 PA+++ 40ml,bintang 4,L***a,2024-01-16
"ringan bgt, tipe tekstur moist yg kusuka, cocok bgt buat kulit super berminyakðŸ‘",Azarine Barrier Moisturizer Series Pelembab Wajah Cream Gel Moist 30g,bintang 5,N***a,2024-01-16
suka ingredientsnya. mudah2an cocok..terima kasih,[Azarine x Red Velvet] Make It Brow-cara! [7 ml],bintang 5,Budhi,2024-01-16
suka ingredientsnya. mudah2an cocok..terima kasih,[CLEARANCE SALE] Azarine CBD Ampoule Bubble Me Primer Makeup Hair Spa,bintang 5,Budhi,2024-01-16
tipe kulitku berminyak,[GEL] Azarine Hydrashoothe Sunscreen Gel SPF45++++ 50ml,bintang 5,N***a,2024-01-16
tipe kulitku berminyak tipe kulitku sensitif,Azarine Moisturizer Advanced Youth & Serum Retinol Complex [2 PCS],bintang 5,Widya,2024-01-16
tipe kulitku kering,[Twin Pack] Azarine Hydramax-C Sunscreen Serum SPF50 PA++++ 40ml,bintang 5,Bethari,2024-01-16
bagussssss,[GEL] Azarine Hydrashoothe Sunscreen Gel SPF45++++ 50ml,bintang 5,A***h,2024-01-16
